area,rooms,floor,year_built,price
53,5,10,2011,104400
95,2,15,1999,115300
43,5,5,1980,82600
144,3,20,1965,166600
126,5,12,1994,173300
81,3,10,1962,97700
120,2,17,1984,136800
60,5,5,1991,102900
68,4,14,1975,100600
92,5,4,1975,129600
59,2,2,2022,79700
119,3,14,2006,150900
71,3,6,1961,85400
84,5,6,2007,132200
69,2,1,2012,86200
44,2,3,2013,62500
103,1,1,1985,102100
33,3,2,1999,56800
85,2,18,1970,98100
83,2,19,1966,95400
125,4,16,1960,154100
76,3,5,2016,106400
45,3,16,1983,71000
125,1,16,1997,135200
38,3,4,2014,67300
78,2,2,1963,81000
34,4,2,2007,70200
122,1,1,2009,128300
144,5,11,1986,188400
76,4,1,1981,103900
88,1,13,1961,85900
138,1,16,1973,141000
127,3,3,2023,158500
48,3,13,2011,80900
84,5,11,2011,135900
129,3,8,2020,162100
56,1,13,2020,71600
89,1,14,2021,105400
71,4,20,1969,104800
48,4,11,1993,84500
64,2,1,1974,69800
68,3,10,2011,99400
141,2,2,2006,156900
99,3,10,1982,121700
64,1,11,1971,63900
54,5,13,1996,102400
130,1,7,1994,134800
137,3,1,1973,152500
51,1,16,2007,64200
44,3,18,1992,73700
133,1,16,2016,148900
57,2,10,1965,64600
145,1,8,1999,151800
48,2,8,1984,60300
87,4,11,1973,117500
71,2,11,2009,92300
107,4,5,1992,140200
81,5,6,2018,132500
61,3,3,2002,86200
103,2,17,2015,129100
118,4,20,2017,166200
99,1,7,2019,111300
110,1,17,1962,110200
59,5,1,1977,95700
132,1,1,1969,126300
140,4,15,1960,168600
76,3,11,1980,98600
143,2,10,2008,163500
52,3,16,2002,83700
65,3,1,1982,83200
32,4,4,1973,59000
74,1,20,1986,82900
120,3,7,1966,136400
125,2,7,1974,133800
93,1,8,1989,96800
148,2,9,1996,164400
80,1,6,2004,87300
117,3,16,1974,140300
86,4,10,1983,119000
57,4,4,2022,98700
58,4,16,1987,95200
78,5,10,2019,131800
104,2,13,2009,126300
145,2,3,2021,165900
38,1,15,2014,52800
39,2,7,2020,61600
60,1,17,1982,66200
73,4,1,2016,111400
39,3,7,2017,70700
73,4,3,1977,100700
67,1,11,1996,74400
67,3,14,2001,97400
83,3,12,1966,101900
148,5,4,2006,194900
39,2,7,1970,46600
103,1,9,1966,100400
141,4,4,1965,165600
150,5,15,1973,192500
86,1,10,1982,88700
44,5,1,2020,93600
68,3,11,1992,94200
98,4,3,2008,135000
101,3,7,2011,130900
141,5,6,1966,176900
74,3,12,1977,96200
137,1,12,1961,134400
103,3,16,1963,123000
65,4,3,2009,102300
74,5,11,1997,121700
94,4,18,1974,128300
110,5,11,1969,149300
136,5,2,1961,168400
126,4,5,2008,164000
36,4,19,1966,68400
76,1,1,1982,74200
150,2,10,1990,165100
147,4,13,2009,189300
88,1,2,2013,96000
98,2,14,2005,119600
145,2,9,1997,161700
97,4,14,1996,135900
60,3,8,1982,81700
111,1,7,1990,114600
108,4,16,1968,139500
60,3,12,2017,94200
124,3,5,2000,149600
36,5,2,1982,74700
66,3,2,2016,94900
135,5,18,1960,175100
97,4,18,1988,135500
76,5,8,1965,112600
30,4,14,1986,65900
63,5,7,2017,114700
144,3,14,1976,166900
70,4,7,1986,102400
49,5,5,1982,89200
126,1,20,1976,131900
66,2,17,1986,83400
50,2,17,2013,75500
117,4,1,1992,148200
96,5,17,1972,139200
149,4,15,1991,186900
122,1,11,1969,121300
56,3,10,2010,87100
62,1,11,1967,60700
134,4,17,2011,178900
133,5,19,1996,184400
105,4,12,1999,143800
44,1,8,2014,55300
118,1,11,1989,123300
150,1,1,1964,142800
133,5,10,2006,182900
120,3,12,2015,153600
120,2,5,1999,135300
65,5,2,2010,112100
44,5,2,1961,76400
139,5,8,1981,180400
64,5,1,2017,112700
102,3,10,1961,118400
35,2,19,2015,62100
68,5,12,2007,119200
142,4,2,2018,181500
56,1,18,2003,69000
32,2,13,2019,57300
38,1,15,1976,41400
32,2,6,1967,38200
32,2,2,2003,47000
79,1,11,2015,92100
75,2,6,2022,97700
61,3,2,2015,89600
108,2,3,1969,113300
77,2,2,1984,86300
61,5,4,1981,100400
46,5,18,1971,89400
134,3,14,2000,164100
111,3,19,1963,132500
111,2,11,2023,136500
149,3,15,1972,171200
139,3,4,1994,162300
60,3,5,2001,85900
111,5,8,2006,159900
88,3,10,1986,111900
130,3,13,2014,163800
46,3,16,1963,66000
108,3,10,1998,135500
61,5,9,1962,97200
139,5,1,1998,182000
135,3,12,1985,159600
73,5,12,2023,129000
59,2,17,2011,83900
63,3,9,1981,84900
142,4,2,2006,177900
143,3,11,2021,177900
58,3,8,1969,75800
104,2,9,1962,110200
62,3,13,2000,91600
122,1,2,2011,129400
40,1,9,2022,54200
77,5,19,1975,122100
34,4,16,1977,68200
81,1,12,1976,82900
45,1,18,2014,61300
89,5,5,1961,122900
97,4,1,1987,126700
65,1,13,1970,65600
148,3,8,2012,178700
113,4,4,1995,146600
58,3,13,1961,75900
86,2,15,2007,108700
95,1,10,1970,94100
72,2,19,1988,91000
32,5,20,1991,82400
87,2,9,1975,97100
115,5,12,1960,152100
136,4,13,2014,179800
79,5,9,2019,132300
93,1,7,1975,92100
52,1,19,2016,69400
114,1,8,2011,124400
75,4,8,1977,105200
142,2,18,1974,156300
99,3,14,1969,119800
125,3,4,1980,144100
63,5,12,2005,113600
51,4,5,1961,74900
84,3,10,1975,104600
45,2,14,1962,53700
44,1,15,1982,49200
111,1,5,1973,108500
75,2,10,1965,82600
141,5,11,2023,196500
51,5,10,1981,93400
109,3,11,2022,144200
66,3,15,1963,85500
67,3,17,1965,88100
50,3,15,2018,86000
66,1,8,1975,65600
100,4,4,2022,141700
117,2,20,2016,144900
110,2,11,1984,123800
92,5,17,2016,148400
58,1,2,1975,54600
56,3,3,1988,77000
69,2,10,1965,76600
73,2,8,2020,96100
67,5,1,1963,99500
108,3,6,1961,122400
69,4,11,1980,101600
134,3,18,2022,172700
127,3,11,1988,152000
57,4,13,1994,94800
67,5,14,1966,106900
30,2,17,1986,47400
47,3,3,2017,76700
74,5,12,2016,127900
87,2,13,2012,110200
107,1,13,2014,120800
119,4,1,1980,146600
56,4,8,1998,92500
97,3,15,1993,125500
94,1,8,1993,99000
90,4,8,1974,119300
71,2,14,2011,94400
131,5,13,2004,181800
36,2,14,2009,58800
98,1,11,1993,104500
56,1,10,1971,55400
82,5,11,2005,132100
71,5,7,1979,111300
42,5,17,1992,91200
51,1,15,2023,68500
52,5,5,2010,100600
55,2,9,1982,67200
102,1,7,1970,99600
36,4,3,2007,72700
74,1,6,1969,70800
39,1,5,1962,33200
59,3,6,1977,78200
36,1,9,2003,44500
45,3,9,1961,60900
89,3,14,1997,118200
74,2,1,2012,91200
58,3,4,1999,82800
118,5,4,1970,154100
130,2,19,2014,156800
136,5,18,2023,195000
142,5,18,1980,188100
33,3,17,1966,54400
47,4,13,1970,77600
69,4,9,1968,97000
72,2,8,2020,95100
137,5,14,1998,186500
126,3,6,1971,143400
79,4,18,1987,117200
142,4,17,1974,175800
61,5,2,2007,107200
36,2,5,1988,48000
136,2,10,1995,152600
87,4,20,2019,135800
40,5,13,1988,86000
61,1,18,1983,68000
78,5,6,1990,121100
60,4,12,1999,98800
121,5,6,1975,159600
80,3,14,2021,116400
130,1,4,2023,142000
30,5,6,1961,64400
125,2,9,1967,132700
142,1,6,1984,143300
30,5,6,2017,81200
142,1,8,1961,137400
137,3,20,1962,158700
87,2,4,2022,108700
103,4,13,2005,144100
105,5,2,2009,151800
112,4,20,1964,144300
149,3,10,2016,181900
105,3,6,1978,124500
115,5,7,2011,164900
59,4,19,1964,90800
54,1,19,2004,67800
89,4,6,1964,114300
75,1,18,2001,87400
147,2,18,1977,162200
121,1,19,1967,123700
99,2,6,1978,108500
124,3,8,1996,149900
46,4,3,2018,86000
113,4,5,1980,142600
140,5,7,1974,178800
71,1,2,2020,81100
81,5,4,1976,118900
46,1,1,1972,41200
35,1,1,1988,35000
105,2,15,2003,126500
58,1,11,1978,60000
118,3,6,1977,137200
33,4,10,1982,65700
122,2,19,1960,132600
75,2,7,1997,90700
106,5,8,1991,150400
122,1,8,1987,125200
30,4,3,2018,70000
100,2,13,1980,113600
142,5,5,1976,180400
49,1,18,2004,62300
47,2,19,2010,72600
45,5,9,2006,94400
64,3,11,2015,97100
97,1,19,2008,112000
107,3,6,2012,136700
38,1,1,1978,35000
100,4,8,1985,132600
142,5,1,2011,188900
78,5,3,1996,121400
84,2,16,1979,98800
110,5,8,2002,157700
122,2,19,1991,141900
104,1,20,2006,118900
32,3,14,1982,56700
77,4,5,1962,101200
93,2,20,1997,115200
119,4,15,2012,163200
137,3,13,1970,157600
47,1,18,1984,54300
76,5,7,1983,117500
130,3,14,1973,152000
114,4,15,1989,151300
75,1,2,2013,83000
40,3,14,2003,71000
96,2,16,2010,120100
147,4,14,1986,182900
88,1,20,2020,107100
70,1,3,1983,69500
33,4,10,1976,63900
114,5,1,2012,161200
85,3,9,2012,116200
47,2,12,1980,60100
94,1,16,2013,109000
74,2,6,2010,93100
135,3,12,1998,163500
78,5,14,1986,123900
95,2,11,1996,112400
62,4,14,1971,93400
39,5,10,1999,86800
89,2,10,2020,113100
44,1,5,2006,51400
117,3,12,2018,151500
45,4,10,1962,71700
35,5,11,2012,87200
53,3,18,2009,87800
149,2,18,2000,171100
82,4,5,1989,114300
31,1,14,2019,46800
130,4,16,1973,163000
146,4,11,2017,189700
150,5,20,2015,207600
132,5,13,1964,170800
84,5,4,1963,118000
89,4,16,1969,120800
97,1,9,1965,94100
62,5,15,1981,106900
32,1,19,1970,35600
56,2,14,1986,71900
101,5,16,1971,143400
72,3,9,1997,98700
121,4,18,1960,151100
126,4,7,1967,152700
43,5,20,1989,92800
110,5,13,1987,155700
94,5,18,1969,136800
148,5,12,2000,197100
36,5,2,1990,77100
73,1,14,2001,83400
37,1,16,1980,42100
142,5,13,1975,184100
30,5,2,2008,76500
80,4,19,2015,127100
113,5,7,1962,148200
83,3,19,1991,112900
88,4,20,2016,135900
34,1,9,1974,33800
48,4,18,1999,89800
90,4,19,2009,135300
62,1,6,1968,58500
72,3,4,1970,88100
147,3,10,1995,173600
39,1,16,1970,41100
63,1,13,1973,64500
137,2,16,1989,154800
69,1,9,1960,64600
133,2,1,2016,151400
108,1,11,2012,120200
117,5,2,2010,164100
114,3,8,2001,141400
131,2,1,2016,149400
50,4,17,1981,85900
89,5,13,2008,141000
44,4,11,2002,83200
83,3,7,1997,108700
101,1,16,1977,105200
72,2,4,2020,93100
139,3,1,1995,161100
122,4,3,1974,148800
64,2,1,1963,66500
110,1,4,1978,108500
95,3,3,1964,108800
60,2,19,2020,88600
66,4,17,1977,100700
70,1,4,2021,81400
142,1,19,2013,158500
74,1,13,2012,87200
59,3,15,2017,94700
129,4,14,1999,168800
34,5,17,2021,91900
60,5,11,1991,105900
108,1,1,1989,108300
64,1,7,1988,67000
49,3,4,2019,79800
54,1,12,2014,67300
132,4,7,1972,160200
125,5,12,1981,168400
35,4,14,1980,69100
96,2,12,1961,103400
59,2,11,1993,75500
150,5,15,1980,194600
78,1,13,2022,94200
92,4,15,1999,132300
37,5,19,1972,81200
70,2,8,1985,82600
100,4,16,2011,144400
92,2,17,1991,110900
65,3,15,1998,95000
68,1,14,1968,68500
147,3,4,1981,166400
48,5,11,1993,94500
125,2,20,1985,143600
49,4,1,2014,86800
42,1,15,1976,45400
122,3,1,1981,139900
44,1,10,1967,42200
44,1,9,1966,41400
125,4,15,1965,155100
37,2,16,1966,47900
132,4,19,2012,178200
43,4,10,1964,70300
148,1,20,2006,162900
132,4,13,2013,175500
150,4,14,1988,186500
98,1,3,1997,101700
149,3,10,1973,169000
98,5,17,2011,152900
96,5,10,1996,142900
104,5,18,1979,149800
50,5,15,2013,104500
45,2,17,2009,69300
146,4,2,1979,173800
97,5,8,2012,147700
36,4,7,1990,69600
104,3,6,2002,130700
51,5,9,2013,102500
101,2,19,2015,128100
30,2,16,2019,56800
130,1,18,1979,135800
83,3,9,1965,100100
66,4,17,2002,108200
57,2,6,2008,75500
137,1,1,1996,139400
45,2,1,1985,54100
75,3,1,1985,94100
149,2,3,1966,153400
127,1,1,2016,135400
90,3,4,1993,113000
42,1,16,1973,45000
130,5,20,1978,176500
54,3,11,1995,81100
132,5,6,1989,174800
34,3,4,1997,58200
137,3,16,2018,173500
136,5,14,2009,188800
146,4,19,2008,191000
53,2,14,2003,74000
53,4,12,1994,90300
86,2,20,1976,101900
75,1,11,2022,90200
74,2,14,1989,90800
118,2,16,2012,142700
145,4,8,2004,183300
109,3,15,1977,132700
143,1,9,1999,150300
138,5,15,1968,179000
66,5,2,2023,117000
47,5,1,1997,89700
94,5,5,1984,134800
106,4,15,2016,151400
100,2,15,1989,117300
55,2,19,1995,76100
89,1,16,1974,92300
116,4,12,2017,160200
62,5,12,2018,116500
79,2,17,1992,98200
67,5,19,2009,122300
129,3,13,2010,161600
86,3,11,1987,110700
47,3,17,2008,81000
110,1,9,1993,115500
108,3,1,1985,127100
120,2,5,1988,132000
99,2,9,1978,110000
90,5,8,1992,134700
81,1,13,2016,95400
122,1,16,1976,125900
57,4,15,1981,91900
96,2,7,1990,109600
90,2,18,2007,114200
45,1,3,1985,45100
140,1,15,2002,151200
72,1,1,1977,68700
122,3,9,1962,138200
118,3,2,2019,147800
38,5,18,1986,85900
50,1,12,1960,47100
55,2,6,1994,69300
129,3,19,1968,152000
121,3,6,1989,143800
127,5,4,1983,167000
107,2,14,2015,131600
134,5,4,2012,182700
97,5,10,1963,134000
127,2,9,2000,144600
130,2,2,2022,150700
110,1,9,2016,122400
34,5,7,2000,80600
45,2,8,2007,64200
43,4,19,2016,90400
58,2,18,2021,86400
60,4,10,1967,88200
50,3,16,2007,83200
86,1,5,1984,86800
41,3,2,2019,70800
72,1,7,2015,83100
75,4,17,2022,123200
119,4,12,2012,161700
75,2,6,1961,79400
43,3,2,2001,67400
72,5,13,1997,120700
109,3,17,1973,132500
114,2,16,1980,129100
73,5,17,1966,114400
144,1,20,1961,145400
98,4,12,2014,141300
50,4,18,1968,82500
40,5,4,1971,76400
34,3,17,1985,61100
140,2,11,1965,148100
38,2,17,1970,50600
52,3,13,2019,87300
126,5,8,2004,174300
145,3,3,1966,159400
48,2,17,2005,71100
120,1,5,2023,132500
34,2,3,2021,54900
87,4,9,1974,116800
133,4,3,2008,170000
115,1,3,1962,108200
87,3,7,1968,104000
35,5,6,1972,72700
48,1,16,2006,60900
109,3,18,1985,136600
72,2,8,1971,80400
41,2,18,1975,55600
118,5,12,1969,157800
55,1,13,1964,53800
59,4,11,1999,97300
120,1,7,1975,119100
144,5,12,2009,195800
45,2,17,2015,71100
135,1,13,2019,150300
55,2,14,1987,71200
47,4,13,1975,79100
30,3,9,1989,54300
63,2,15,2010,86600
57,2,7,1974,65800
88,5,16,1982,133700
137,5,17,1983,183500
77,1,9,1973,76500
73,5,8,1971,111400
100,4,8,1984,132300
120,4,15,1990,157600
143,1,6,2012,152700
96,3,20,2010,132100
49,1,15,1989,56300
98,2,20,1995,119600
80,3,5,1977,98700
67,2,10,1976,77900
42,5,7,2013,92500
94,2,3,2000,108600
91,4,10,2018,134500
127,2,9,2022,151200
83,4,11,1966,111400
110,5,1,1970,144600
135,2,16,1998,155500
116,2,4,1969,121800
49,5,16,2010,103100
150,1,2,2010,157100
57,3,14,1974,79300
92,4,8,1978,122500
33,1,16,1960,32100
73,2,11,2016,96400
116,5,14,2012,169700
103,3,1,1979,120300
120,5,10,1980,162100
66,3,14,2021,102400
51,1,18,1979,56800
59,5,9,2023,113500
45,1,16,2008,58500
139,5,13,2008,191000
62,4,6,1984,93300
109,1,10,1995,115600
137,5,7,1976,176400
100,5,3,1972,136200
92,5,8,2005,140600
148,1,5,1993,151500
128,5,14,1990,175100
71,3,6,2007,99200
112,4,8,1989,145800
48,3,11,1964,65800
89,4,19,1963,120500
127,1,4,1986,127900
82,3,20,2017,120200
114,4,20,1972,148700
51,5,7,1981,91900
61,3,13,1992,88200
72,2,4,1969,77800
122,5,12,1962,159700
38,3,4,2005,64600
135,1,1,1971,129900
100,2,1,2008,116000
97,1,12,1961,94400
47,1,3,2008,54000
116,1,8,2002,123700
76,3,3,1985,96100
96,4,9,1986,129400
127,3,14,1964,146300
56,5,15,1991,103900
120,3,20,1964,142300
87,4,7,2005,125100
140,2,4,1970,146100
144,4,13,1999,183300
138,1,12,1976,139900
77,1,3,1981,75900
62,5,15,1967,102700
82,2,16,1981,97400
107,2,7,2019,129300
33,1,14,1962,31700
41,2,2,2011,58400
92,1,18,2003,105000
132,2,1,1992,143200
142,4,8,1989,175800
137,3,17,1976,161400
69,2,9,2017,91700
147,1,14,2018,162500
97,5,16,2002,148700
75,5,2,1973,111000
90,3,17,1960,109600
121,2,4,1988,132500
147,4,19,1964,178800
75,1,19,2002,88200
140,3,6,2021,172400
138,5,1,1972,173200
127,1,1,1992,128200
133,1,18,1970,136100
93,1,12,1966,91900
71,1,6,2007,79200
116,5,9,1965,153100
88,5,3,2009,135300
35,4,8,1996,70900
106,5,17,2009,160300
139,5,7,2002,186200
146,2,13,1977,158700
129,5,18,2013,185000
139,3,13,1998,168000
120,4,2,1971,145400
88,3,10,2009,118800
79,2,15,1961,87900
71,4,8,1978,101500
111,5,18,2008,165500
122,3,18,1969,144800
138,2,14,2019,163800
105,1,4,2006,111900
111,5,11,1983,154500
85,5,12,2022,140700
97,1,12,1996,104900
88,1,12,2015,101600
88,4,4,1998,122500
108,2,15,1968,119000
74,1,19,1964,75800
53,3,12,1967,72200
41,3,20,1985,69600
84,3,15,1984,109800
131,2,19,2005,155100
137,4,4,1981,166400
124,5,4,1971,160400
80,1,14,1968,80500
149,2,2,1973,155000
65,3,8,1976,84900
85,5,18,2001,137400
66,5,19,2002,119200
83,1,7,1984,84800
47,4,19,1995,88100
47,3,9,2002,75200
81,5,14,1973,123000
47,1,4,2001,52400
55,5,1,2013,102500
124,5,7,1997,169700
109,3,11,1983,132500
38,1,11,1964,35800
135,3,9,1963,151500
36,3,16,1963,56000
42,3,8,1997,68200
88,1,13,1999,97300
45,2,14,1992,62700
98,5,9,1966,135400
100,4,20,1987,139200
139,2,5,1967,144700
79,3,14,2017,114200
78,2,20,1974,93300
40,5,11,1969,79300
64,3,14,2008,96500
124,5,19,1989,173300
99,1,17,1974,102800
122,4,7,1964,147800
42,5,16,1963,82000
35,2,16,2012,59700
30,1,3,2013,38500
43,3,17,1980,68600
75,1,12,1993,82000
120,3,18,2011,155400
94,2,10,1999,111800
38,5,8,1979,78800
88,4,13,1979,121300
56,5,5,1971,92900
141,3,11,2022,176200
101,1,17,1966,102400
123,4,7,2004,160800
143,4,9,1991,177900
76,2,8,1994,91300
67,4,10,1968,95500
52,5,12,1992,98700
67,5,20,2015,124600
120,3,5,2011,148900
130,5,19,1999,182300
32,4,11,1992,68200
47,4,8,1963,73000
100,2,1,1961,101900
137,1,17,2010,151600
81,1,16,1970,83100
101,4,16,1994,140300
111,4,14,1961,139400
133,3,9,1990,157600
87,3,8,1975,106600
136,2,14,1974,148300
102,5,20,2019,160800
38,3,19,2021,76900
106,1,15,1980,110600
144,1,17,1995,154100
84,2,9,2014,105800
129,3,13,1981,152900
85,5,10,1991,130400
51,5,3,1990,92600
129,3,8,1970,147100
112,4,17,1980,147600
100,3,6,1989,122800
63,4,15,1987,99700
117,2,16,1997,137200
137,4,1,1967,160700
56,5,14,1992,103700
89,4,7,1965,115100
37,1,1,1960,28600
143,4,9,1970,171600
30,4,16,1964,60300
87,2,18,1980,103100
110,4,16,1989,147800
119,4,2,1981,147400
93,3,16,1994,122300
104,4,17,1991,142900
57,3,18,2022,95700
42,1,13,1969,42300
71,4,6,2008,109500
54,2,15,2021,80900
70,5,4,1995,113600
142,2,13,1995,160100
45,2,9,1971,53900
78,5,15,2015,133100
97,2,12,1988,112500
31,4,16,2004,73300
124,1,20,2012,140700
56,4,8,2020,99100
32,3,8,2021,65400
67,5,5,1970,103600
147,1,3,2018,157000
130,5,8,2007,179200
149,5,2,1975,185600
143,5,15,1967,183700
98,3,13,1986,123400
109,5,5,1963,143500
62,1,5,2003,68500
63,2,19,1981,79900
130,4,19,1961,160900
92,3,19,1987,120700
107,1,20,1991,117400
88,1,17,1979,93300
127,4,1,1987,156700
76,1,7,2004,83800
31,5,17,1990,79600
103,5,11,1996,150400
67,2,9,2015,89100
99,3,19,1996,130400
138,3,15,1995,167100
66,5,17,2005,119100
39,1,16,1977,43200
62,5,7,2019,114300
130,2,18,2023,159000
112,3,17,2014,147800
44,2,9,1971,52900
43,5,16,1960,82100
54,2,7,1976,63400
122,2,2,1968,126500
54,3,10,1997,81200
126,5,10,2012,177700
126,5,7,1977,165700
109,4,18,2014,155300
125,4,12,1998,163500
116,2,14,1964,125300
61,2,10,1982,73700
143,5,17,2019,200300
97,2,4,1999,111800
111,3,3,2007,137700
68,1,14,1982,72700
80,1,7,1972,78200
129,5,18,1966,170900
105,5,11,1966,143400
101,4,1,1971,125900
77,5,14,2011,130400
103,3,19,1970,126600
69,2,4,1975,76600
127,4,5,1968,153000
130,4,15,1986,166400
31,3,18,2010,66100
123,2,8,2008,142500
89,5,14,1962,127700
78,5,3,1998,122000
58,1,8,2019,70800
96,2,17,2021,123900
80,1,19,1979,86300
149,5,7,2020,201600
148,3,6,2016,178900
81,5,1,1974,116800
76,1,16,2007,89200
114,4,3,1973,140500
89,5,12,2015,142600
130,2,20,1973,145000
111,5,7,2018,163000
101,3,9,1999,128300
82,4,18,2003,125000
114,3,19,2017,151700
84,4,17,2004,126800
30,5,2,1978,67500
107,2,13,1980,120600
135,4,16,1967,166200
110,2,11,1980,122600
96,2,8,1967,103200
86,1,15,1976,89400
111,3,15,1979,135300
68,3,14,1992,95700
52,1,1,1962,44200
143,5,6,1981,183400
135,5,17,2016,191400
70,1,3,1993,72500
37,4,7,2004,74800
77,5,15,1968,118000
140,3,1,2009,166300
130,1,3,1968,125000
102,1,4,1990,104100
60,2,6,2002,76700
120,3,12,1976,141900
144,5,19,2015,201100
60,2,6,1984,71300
106,5,7,1963,141500
70,5,15,2018,126000
36,2,9,1987,49700
75,5,20,2011,131400
142,4,6,2003,179000
79,3,14,1961,97400
107,4,5,2002,143200
60,4,18,2023,109000
110,5,12,2022,165700
111,2,4,2002,126700
80,2,6,1970,87100
59,3,8,1969,76800
139,4,8,2015,180600
86,3,10,2013,118000
85,2,20,1973,100000
76,3,8,2014,107300
35,3,19,2018,73000
30,4,14,2009,72800
123,1,20,2012,139700
41,5,9,1972,80200
97,5,20,1982,144700
46,5,6,2020,98100
132,1,12,2014,145300
69,3,14,1981,93400
62,2,14,1997,81200
89,5,2,2015,137600
75,1,1,1985,74100
79,5,8,2009,128800
104,5,4,1962,137700
42,5,9,2018,95000
142,4,6,2003,179000
56,1,18,2021,74400
56,2,14,2011,79400
53,3,7,1977,72700
76,1,9,1993,81500
70,3,12,1966,88900
98,2,16,2023,126000
93,1,20,1976,98900
131,1,2,1979,128800
78,2,19,1984,95800
54,5,20,2013,111000
57,2,13,2009,79300
30,1,4,1995,33600
71,5,1,1975,107100
116,1,7,2011,125900
65,4,19,1989,104300
94,3,15,1993,122500
97,4,5,1988,129000
31,3,19,1998,63000
141,1,17,2019,158300
138,3,7,1990,161600
131,4,4,2020,172100
94,5,11,1984,137800
90,5,5,2021,141900
38,2,1,1970,42600
139,2,10,1985,152600
35,5,3,2002,80200
65,5,17,1986,112400
92,4,1,1997,124700
129,3,4,2011,157400
48,1,11,1968,47000
47,5,5,1969,83300
55,2,2,2008,71500
121,1,3,1981,119900
111,3,12,2004,141300
145,3,18,1968,167500
118,1,11,2008,129000
46,4,13,1978,79000
68,4,13,2003,108500
58,3,19,1961,78900
50,1,4,1962,43700
68,5,8,2003,116000
130,1,13,1964,128800
95,1,12,1998,103500
57,3,11,1967,75700
68,3,13,1990,94600
49,2,4,1965,53600
112,2,12,2007,133200
92,2,12,2014,115300
99,3,4,2015,128600
51,1,13,1979,54300
104,4,1,2021,143900
139,4,2,1977,166200
134,1,18,1977,139200
132,1,9,2007,141700
53,5,2,2007,99200
31,3,4,2000,56100
74,5,1,2023,124500
118,5,8,1969,155800
98,4,11,1990,133600
115,3,12,2011,147400
30,5,13,1984,74800
38,5,6,1979,77800
40,1,6,2005,47600
43,4,10,1984,76300
142,1,9,2004,150800
125,4,10,2013,167000
73,3,17,2012,108200
53,3,19,1992,83200
120,4,5,2021,161900
55,4,6,1995,89600
129,5,6,2001,175400
66,1,16,2018,82500
50,4,11,1974,80800
73,3,4,2009,100800
61,5,10,1979,102800
41,4,8,1993,76000
110,1,11,1978,112000
52,3,11,1998,80000
126,4,12,1984,160300
67,1,3,1988,68000
59,5,14,2019,114800
115,5,14,1979,158800
59,5,4,1999,103800
73,5,20,2015,130600
76,4,16,1986,112900
56,5,15,1995,105100
135,4,2,1991,166400
43,1,9,1983,45500
65,4,9,2019,108300
123,4,8,2016,164900
81,2,8,1994,96300
80,3,17,2003,112500
53,4,8,1976,82900
121,2,18,1965,132600
31,5,20,1976,76900
139,1,8,2006,147900
123,4,10,1962,149700
60,4,2,1971,85400
68,2,20,1966,80900
81,5,12,2018,135500
85,2,8,1990,99100
80,5,12,1967,119200
139,2,11,1986,153400
69,5,5,2019,120300
72,1,16,2002,83700
104,3,19,1992,134200
71,3,7,2019,103300
87,1,12,1984,91300
62,3,7,2013,92500
59,2,5,1964,63800
91,4,17,2022,139200
107,5,13,1981,150900
39,4,18,1983,76000
68,1,5,1982,68200
42,1,2,1968,36500
35,3,6,1976,53900
104,2,14,2022,130700
60,3,4,1986,80900
53,4,17,1991,91900
66,1,15,1999,76300
117,5,8,1995,162600
120,3,20,1984,148300
124,1,13,2018,139000
93,4,1,1974,118800
81,3,10,2000,109100
127,1,1,2014,134800
107,3,16,1978,131500
37,2,7,1970,44600
36,1,9,1995,42100
84,4,18,1968,116500
90,4,10,1966,117900
48,1,8,1998,54500
117,5,8,1969,154800
45,3,3,1975,62100
127,4,16,2009,170800
91,4,5,1985,122100
142,5,1,2009,188300
135,5,15,1981,179900
96,3,12,2005,126600
77,2,10,1960,83100
50,5,13,2007,101700
60,3,16,1999,90800
133,3,15,2002,164200
63,3,12,1962,80700
119,2,3,1960,121600
133,5,18,1983,180000
70,4,5,1980,99600
128,1,19,2012,144200
125,1,20,2003,139000
67,4,12,1997,105200
52,5,14,2022,108700
129,5,2,2011,176400
109,4,1,2014,146800
88,2,7,1979,98300
77,3,5,2004,103800
54,4,14,2022,100700
111,3,7,1991,134900
53,1,19,2005,67100
49,5,5,1974,86800
107,4,19,1975,142100
71,3,2,2023,102000
78,3,12,1981,101400
70,3,16,2020,107100
63,1,17,2014,78800
131,2,16,2022,158700
87,3,14,1994,115300
126,5,18,2008,180500
34,1,4,2012,42700
78,2,18,1980,94100
99,2,18,2021,127400
91,3,8,1971,109400
99,2,14,2021,125400
136,4,1,2019,175300
88,1,1,1988,88000
148,4,8,1971,176400
31,5,19,1987,79700
102,3,5,2015,132100
44,2,7,1977,53700
148,4,1,2003,182500
66,4,6,1995,100600
62,5,3,1995,105100
144,1,17,1978,149000
136,3,9,2022,170200
110,3,2,1970,125100
50,1,15,2022,67200
120,1,15,1988,127000
143,5,2,1998,186500
148,2,19,2018,176000
88,1,16,1967,89200
41,2,14,1971,52400
53,1,14,2019,68800
106,2,16,2020,133100
33,4,13,2000,72600
80,4,16,1969,111800
98,5,12,2021,153400
64,5,6,2022,116700
94,4,19,2000,136600
140,4,11,1966,168400
102,3,9,1966,119400
129,4,9,1972,158200
108,2,3,2021,128900
87,5,6,1968,123500
94,1,3,2021,104900
145,2,16,2012,169700
121,2,12,1974,132300
85,1,1,1967,78700
118,2,6,2011,137400
84,2,19,1988,103000
58,2,7,1975,67100
68,5,7,2009,117300
40,2,11,1980,52600
142,2,20,1964,154300
55,1,7,1969,52300
147,1,13,2016,161400
116,5,10,1983,159000
30,1,7,2014,40800
71,5,4,2011,119400
93,2,14,1997,112200
98,5,1,1999,141300
45,1,14,2003,56000
95,5,3,1991,136900
36,4,16,1964,66300
90,4,6,1995,124600
140,3,20,1997,172200
55,5,7,2002,102200
75,3,17,1969,97300
78,3,19,1976,103400
42,1,19,1995,53100
62,3,2,2019,91800
117,3,20,2009,152800
48,3,13,2009,80300
128,3,14,2008,160500
54,3,15,1964,73800
75,2,15,1993,93500
47,4,10,1964,74300
33,3,15,1963,52500
125,1,16,1994,134300
148,3,16,1992,176700
71,3,20,1988,100500
75,2,5,1986,86400
142,4,16,1992,180700
71,2,1,1987,80700
79,4,12,1984,113300
78,3,19,2012,114200
96,1,3,1995,99100
145,3,7,1983,166500
99,3,6,1992,122700
149,1,1,1989,149300
63,2,19,1997,84700
104,2,15,1969,115300
55,4,16,1999,95800
95,1,19,2005,109100
101,2,13,2021,126900
136,1,12,1967,135200
110,2,1,1981,117900
143,1,15,1989,150300
83,1,16,2017,99200
123,1,10,1971,122400
39,2,2,1972,44700
37,3,14,2009,69800
132,3,9,1975,152100
98,3,12,1988,123500
112,1,15,1980,116600
63,5,6,1986,104900
135,1,10,1962,131700
33,3,1,1978,50000
81,2,13,2007,102700
116,1,2,1999,119800
133,3,5,1999,158300
115,3,11,2014,147800
97,1,9,1991,101900
71,1,7,2018,83000
68,5,20,1972,112700
33,3,3,1976,50400
54,1,7,1972,52200
95,5,15,1971,136900
68,1,1,2016,76400
120,3,5,1996,144400
101,5,5,1969,137300
130,3,6,1993,154000
148,4,2,2022,188700
31,2,1,1963,33500
65,2,5,1961,68900
95,1,10,1964,92300
95,2,19,1985,113100
59,5,8,1970,97100
133,2,5,1969,139300
122,3,13,1963,140500
66,5,8,2016,117900
111,5,6,1989,153800
141,5,20,1970,185100
150,3,11,1996,177400
110,3,17,1979,135300
52,3,1,2008,78000
38,4,7,1994,72800
42,2,4,1980,51100
63,1,2,2003,68000
122,3,4,1996,145900
46,1,1,1965,39100
112,3,19,2022,151200
113,3,2,1974,129300
54,3,4,2001,79400
46,1,9,1972,45200
146,4,5,1968,172000
126,5,20,2010,182100
88,4,2,2013,126000
119,5,12,2002,168700
74,3,19,1992,104200
101,2,1,1969,105300
78,1,12,1982,81700
149,3,4,2001,174400
143,4,1,2013,180500
122,2,15,1992,140200
109,1,9,2014,120800
98,5,4,1970,134100
140,4,16,2013,185000
89,2,16,1978,103500
73,4,11,1996,110400
61,5,6,1991,104400
42,4,8,2009,81800
85,1,17,2000,96600
116,5,10,2002,164700
145,4,19,1993,185500
92,1,7,2021,104900
68,3,6,2011,97400
39,3,18,2000,71100
38,2,17,1971,50900
146,1,12,2011,158400
77,5,2,1990,118100
40,5,18,1970,83100
103,1,4,2023,115000
133,2,5,1974,140800
87,5,11,1970,126600
119,2,9,1987,132700
55,1,16,2023,73000
57,2,18,1974,71300
126,3,17,2013,161500
144,2,12,2010,166100
106,2,7,1974,114800
51,2,1,2019,70300
89,2,9,1966,96400
120,2,11,1961,126900
81,2,14,1960,89100
135,4,20,1989,174800
84,3,16,2001,115400
63,1,7,2019,75300
135,2,9,1992,150200
108,5,2,2023,159000
107,1,9,2022,121200
71,1,11,2023,86500
70,4,4,2011,108400
123,3,5,2013,152500
68,1,19,1991,77900
68,4,6,1978,97500
148,5,8,2001,195400
85,5,15,2004,136800
46,3,2,1977,63200
81,1,7,2013,91500
31,3,18,1993,61000
44,2,14,2003,65000
94,5,3,2018,144000
133,2,3,2000,147600
118,1,18,2007,132200
43,3,9,2012,74200
133,3,19,1983,160500
139,2,19,1998,161000
72,5,6,2021,124400
77,3,12,1992,103700
35,5,14,1963,74000
61,5,16,2004,113300
62,4,20,2023,112000
121,2,13,2012,144200
61,1,6,1963,56000
76,5,12,2016,129900
149,1,19,1971,152900
136,5,16,1984,182300
121,2,8,2022,144700
62,2,18,1972,75700
44,4,17,1967,75700
90,3,16,2012,124700
49,2,20,2008,74500
126,5,5,1971,162900
41,4,8,1980,72100
108,3,6,1962,122700
70,2,16,2002,91700
50,4,8,2020,93100
87,1,4,1980,86100
46,5,1,1997,88700
37,2,14,1989,53800
142,3,15,2004,173800
118,1,9,1963,114500
69,1,19,2004,82800
125,3,18,1972,148700
99,3,14,1996,127900
132,2,10,1968,140500
121,5,6,2008,169500
146,2,14,1990,163100
115,2,9,1964,121800
52,5,10,1974,92300
95,4,14,1973,127000
119,4,12,1972,149700
137,4,19,1996,178400
70,2,6,1980,80100
63,5,7,1976,102400
147,2,8,1977,157200
35,5,3,1996,78400
131,4,16,1965,161600
55,2,12,1999,73800
144,2,7,1978,154000
64,1,6,2004,71300
82,3,5,1975,100100
95,4,18,1978,130500
66,3,10,1976,86900
111,1,1,1977,107700
133,5,2,2012,180700
44,5,14,1989,90800
32,3,16,1987,59200
96,2,8,1981,107400
47,5,6,1998,92500
142,1,8,1966,138900
70,2,9,1972,79200
101,5,1,2011,147900
111,2,5,1992,124200
95,5,20,1964,137300
83,2,6,1980,93100
104,2,12,2018,128500
100,4,4,1972,126700
139,3,9,1964,155800
76,2,5,1979,85300
68,5,5,1965,103100
131,4,11,1983,164500
140,5,11,1988,185000
34,1,18,1977,39200
102,4,15,1965,132100
124,1,17,2009,138300
99,2,5,2008,117000
141,4,13,1993,178500
75,2,8,1983,87000
102,2,8,1961,107400
138,1,9,1988,142000
61,3,10,1979,82800
139,4,16,1964,169300
118,5,18,1981,164400
91,5,3,1994,133800
47,5,3,2013,95500
54,5,13,2011,106900
110,4,16,1962,139700
91,4,4,1984,121300
127,3,16,1980,152100
128,4,3,1973,154500
80,5,17,1971,122900
138,5,13,1990,184600
122,1,15,1996,131400
127,5,11,1985,171100
89,4,8,2004,127300
146,3,16,2009,179800
113,3,16,1989,140800
130,5,12,2007,181200
70,5,7,1961,104900
38,1,1,1972,33200
49,2,2,1974,55300
56,5,1,2006,101400
35,2,14,1966,44900
44,2,2,2010,61100
119,2,10,1982,131700
135,5,14,2014,189300
35,3,3,1977,52700
64,2,12,2011,86400
108,1,5,1992,111200
62,2,5,2014,81800
132,3,1,2016,160400
79,5,13,2003,129500
103,1,3,1980,101600
102,2,14,1980,116100
40,5,15,2007,92700
114,5,8,1969,151800
133,5,18,2011,188400
120,3,18,1973,144000
150,3,6,2002,176700
146,2,6,1978,155500
75,5,8,1992,119700
75,4,10,2016,117900
144,5,3,1967,178700
147,4,10,1976,177900
100,2,8,1963,106000
94,2,18,2014,120300
70,2,16,1971,82400
48,5,4,2017,98200
86,4,19,2017,133700
85,2,17,1963,95500
125,1,12,1997,133200
79,4,17,1976,113400
87,2,10,1964,94300
142,4,8,1967,169200
76,2,19,1983,93500
42,4,2,1997,75200
66,3,10,1976,86900
138,5,17,1986,185400
115,3,15,1960,133600
68,3,8,1960,83100
72,2,14,1993,90000
108,5,5,1980,147600
82,3,13,2008,114000
128,4,9,1971,156900
37,2,9,1968,45000
82,2,11,1991,97900
98,2,14,1977,111200
110,5,7,2006,158400
100,4,8,1965,126600
31,3,7,1977,50700
86,4,11,1985,120100
106,2,5,2003,122500
129,4,6,2008,167500
102,1,6,1978,101500
76,3,18,1997,107200
63,5,9,2009,113300
116,1,7,1985,118100
71,1,3,1982,70200
99,1,20,1992,109700
54,2,1,1993,65500
84,1,19,2016,101400
128,1,10,2007,138200
49,4,8,1991,83400
42,4,13,1985,77100
91,4,15,1984,126800
106,5,1,1977,142700
139,3,4,2012,167700
91,1,3,1961,83900
86,2,9,1962,92200
70,2,12,1992,86700
54,1,7,1967,50700
108,2,5,1983,118500
43,4,7,2019,85300
99,1,16,1960,98100
98,2,11,2008,119000
141,1,16,2012,155700
126,4,13,1993,163500
97,5,4,1988,138500
120,1,2,1999,123800
50,2,17,1975,64100
138,5,12,1986,182900
96,4,4,1963,120000
41,1,4,1986,41900
51,3,12,1967,70200
131,2,10,2007,151200
60,2,20,1980,77100
98,2,3,2011,115900
59,4,17,1966,90400
49,4,10,2004,88300
91,5,19,2015,148100
111,1,19,2007,125700
88,4,14,2023,135000
97,5,5,1997,141700
122,5,15,1961,160900
140,4,9,1996,176400
88,5,19,1985,136100
102,3,5,1971,118900
89,5,2,1965,122600
139,3,13,1984,163800
132,1,1,1963,124500
103,4,20,1980,140100
74,2,17,1964,84800
32,5,11,2021,86900
61,1,3,2021,71900
88,1,7,1967,84700
101,5,8,2002,148700
37,5,12,2011,89400
103,3,17,1999,134300
52,1,1,2014,59800
96,3,14,1994,124300
80,3,3,2010,107600
47,1,16,1963,47000
147,3,9,2009,177300
36,5,17,1991,84900
82,2,5,1987,93700
149,5,4,1987,190200
113,3,10,1968,131500
73,4,6,2013,113000
147,2,13,1962,155200
36,5,14,1979,79800
42,2,19,2014,68800
138,5,3,2001,182900
70,2,3,1970,75600
143,1,14,2016,157900
97,4,1,2006,132400
72,5,11,1971,111900
118,1,3,1983,117500
139,2,13,1966,148400
36,3,2,1995,58600
81,1,5,1973,78500
124,3,16,2009,157800
89,3,18,1966,110900
98,5,8,1975,137600
40,1,17,1989,48300
56,3,17,1968,78000
91,3,11,2011,122900
102,3,4,2006,128900
126,3,9,1986,149400
65,5,16,2001,116400
75,3,8,1961,90400
47,4,16,2016,92900
72,3,6,2009,100800
131,5,12,1966,169900
53,3,8,2008,82500
139,1,16,2019,155800
99,5,10,1992,144700
75,5,12,1969,114800
106,3,19,2008,141000
133,2,6,2017,154200
129,4,19,2015,176100
90,5,20,2011,146400
32,5,5,2020,83600
141,2,9,1961,146900
57,1,18,2023,76000
104,4,5,2001,139900
87,1,14,2001,97400
83,1,19,2018,101000
75,3,16,1974,98300
66,2,14,1986,81900
51,5,13,1962,89200
79,3,14,1999,108800
102,3,11,2018,136000
59,5,20,1989,108800
111,3,5,1965,126100
148,3,10,2001,176400
45,5,16,2006,97900
96,4,19,1976,131400
145,2,16,2014,170300
48,1,12,2011,60400
99,2,20,2014,126300
48,1,5,1988,50000
80,2,5,2008,98000
77,2,1,2014,94800
97,1,5,2006,104400
41,1,20,1999,53800
65,2,15,1966,75400
83,1,5,1978,82000
125,3,20,1985,153600
96,5,8,1963,132000
93,5,19,1985,141100
80,2,10,1998,97500
79,4,7,1990,112600
85,1,20,2017,103200
62,2,18,1985,79600
90,1,10,1972,89700
106,2,15,1968,117000
139,3,15,1960,157600
148,4,15,1971,179900
62,3,4,2023,94000
67,2,1,2014,84800
76,4,6,1973,104000
80,2,19,1974,94800
127,4,2,1972,152700
31,5,9,2011,81900
33,3,9,1973,52500
127,5,16,2000,178100
107,4,8,1971,135400
142,2,4,1982,151700
61,1,18,1977,66200
150,2,11,1997,167700
66,4,10,1975,96600
95,4,3,1981,123900
134,1,13,2003,144500
78,4,13,1974,109800
64,2,6,2012,83700
78,4,17,2001,119900
119,4,12,2013,162000
137,3,13,2007,168700
99,3,3,1970,114600
60,4,7,1996,95400
61,4,15,1972,93200
34,2,2,1988,44500
114,4,12,2004,154300
135,3,12,2021,170400
96,3,15,2020,132600
122,2,16,1997,142200
91,3,14,1992,118700
71,5,7,2010,120600
35,2,4,1972,41700
56,2,3,1992,68200
85,5,1,2021,134900
31,2,11,2022,56200
135,1,11,1970,134600
91,2,18,2018,118500
30,1,4,1990,32100
57,4,5,1980,86600
39,2,9,2000,56600
56,1,18,1968,58500
150,4,18,1982,186700
145,4,20,2014,192300
150,3,10,1975,170600
52,5,8,1992,96700
117,4,7,1993,151500
94,1,17,2001,105900
133,1,2,2018,142500
36,4,7,1967,62700
135,3,12,1987,160200
147,5,4,2022,198700
142,4,19,1965,174100
124,4,15,1971,155900
124,2,14,2022,150700
91,2,7,1987,103700
58,3,1,1989,78300
102,3,3,2002,127200
71,3,19,1986,99400
39,2,13,1961,46900
34,2,6,1983,45000
104,4,5,2022,146200
46,5,11,1995,93100
116,5,20,1992,166700
105,1,20,1987,114200
104,5,16,1983,150000
39,1,7,1995,44100
79,5,11,2018,133000
98,5,11,1985,142100
63,4,5,1962,87200
140,5,2,1978,177500
88,1,2,1962,80700
120,5,13,2008,172000
45,3,4,2012,73700
125,2,7,1998,141000
59,4,7,1976,88400
64,1,11,2009,75300
36,4,13,1975,68100
139,4,11,1966,167400
35,2,5,1988,47000
148,4,5,2007,185700
49,2,4,2018,69500
124,3,5,1972,141200
112,1,1,1960,103600
148,4,8,2005,186600
100,2,1,1983,108500
99,5,8,1963,135000
77,1,3,1977,74700
83,3,11,2004,112800
94,3,6,2011,123400
81,5,7,2015,132100
97,4,7,1981,127900
102,1,6,2007,110200
98,1,5,2003,104500
46,5,13,2015,100100
128,1,17,1981,133900
66,5,4,1999,110800
99,5,16,1964,139300
100,1,12,2017,114200
104,2,20,1968,117500
142,3,17,1984,168800
131,2,6,1992,144700
109,5,3,1962,142200
131,3,7,1994,155800
88,3,17,1984,114800
75,3,12,2009,106800
114,2,15,1995,133100
113,2,15,1961,121900
37,2,9,1980,48600
37,4,13,2016,81400
101,4,8,1969,128800
129,2,4,2012,147700
54,1,20,1975,59600
34,5,6,2000,80100
71,1,12,2004,81300
113,5,10,1964,150300
34,5,11,1961,70900
135,2,9,1963,141500
140,1,5,1974,137800
101,2,20,1966,113900
99,3,14,1975,121600
63,2,13,1987,78700
102,1,15,1964,101800
136,1,19,2005,150100
111,2,1,2014,128800
146,1,3,1981,144900
60,4,18,2012,105700
118,1,14,1991,125400
120,1,7,2000,126600
90,3,11,1998,118000
81,4,2,2012,118700
38,1,1,1977,34700
127,3,17,1986,154400
107,2,3,2017,126700
83,3,11,1999,111300
87,3,15,1997,116700
58,2,11,1968,67000
138,5,2,2018,187500
68,2,11,1988,83000
79,1,16,2021,96400
39,1,5,2013,48500
80,1,8,2006,88900
90,5,9,2006,139400
67,2,3,2007,83700
130,3,5,1969,146300
68,2,1,1989,78300
124,4,8,1998,160500
72,4,10,2015,114600
66,3,7,2007,94700
95,5,11,1997,142700
91,3,4,2001,116400
75,4,16,2023,123000
42,5,7,2006,90400
130,4,14,1995,168600
107,2,15,1990,124600
57,1,5,1963,51500
93,3,18,1977,118200
58,5,5,1967,93700
132,1,12,1987,137200
127,5,3,2021,177900
129,1,18,1983,136000
107,3,13,1973,128500
127,4,4,2000,162100
146,3,15,1987,172700
111,1,14,1969,111800
148,4,14,1961,176400
114,3,20,1996,145900
83,1,5,2018,94000
68,2,1,2008,84000
72,3,12,1970,92100
121,2,13,1994,138800
106,2,7,1983,117500
90,2,9,1979,101300
115,5,9,2020,168600
125,2,6,1991,138400
78,1,13,1967,77700
77,1,8,1999,83800
53,5,18,2000,105100
128,3,8,1988,151500
110,1,15,1995,119100
113,2,9,1997,129700
124,1,19,1990,133600
78,1,8,2016,89900
101,1,3,2009,108300
73,4,15,1976,106400
107,1,16,2022,124700
111,2,7,1987,123700
63,1,4,1966,57900
142,2,4,1982,151700
39,5,18,1969,81800
133,4,7,1961,157900
125,3,19,2021,163900
149,3,3,2002,174200
47,5,2,1984,86300
106,3,7,2011,135900
142,3,14,1993,170000
124,4,12,2019,168800
99,5,6,1966,134900
83,5,2,1993,125000
120,1,5,2012,129200
91,3,19,1988,120000
40,1,3,1970,35600
47,1,5,1977,45700
59,4,14,2018,104500
105,2,13,2022,131200
111,5,13,1979,154300
133,2,8,1980,144100
33,2,19,2018,61000
146,3,10,2018,179500
92,1,17,1990,100600
111,4,17,1972,144200
33,1,19,1966,35400
38,4,9,2006,77400
129,3,3,2009,156300
134,3,20,1981,161400
82,4,8,2005,120600
48,5,17,1970,90600
114,5,3,1993,156500
124,1,6,2021,136400
41,1,9,1996,47400
140,4,17,2009,184300
32,4,1,2004,66800
65,4,9,2009,105300
83,1,11,1979,85300
101,3,13,1984,125800
85,3,12,1980,108100
73,5,8,1987,116200
31,4,4,2009,68800
145,1,5,1989,147300
54,5,4,1998,98500
61,5,5,1978,100000
73,5,11,1979,115300
145,1,8,1978,145500
123,5,3,1988,164000
96,2,14,2010,119100
138,5,11,2007,188700
125,4,2,1990,156100
124,4,12,2008,165500
144,4,18,2000,186100
138,2,20,1960,149100
106,2,16,1991,124400
113,3,6,1969,129800
127,3,3,2003,152500
94,2,5,1973,101500
78,1,19,2020,96600
98,4,2,2014,136300
128,2,16,2019,154800
148,2,3,1989,159300
60,4,9,1971,88900
60,1,6,2011,69400
93,2,6,1989,105800
150,2,12,1984,164300
47,2,6,1991,60400
107,3,5,2022,139200
74,1,1,1996,76400
63,5,8,2019,115800
124,4,11,1979,156300
45,2,19,1994,65800
46,5,13,1988,92000
47,5,17,1966,88400
37,2,5,1986,48400
32,3,12,1967,51200
79,1,5,2016,89400
123,1,11,1997,130700
77,4,9,2019,120300
93,4,15,1969,124300
57,1,9,1983,59500
147,1,20,1968,150500
87,2,3,2006,103400
123,3,19,1991,152900
48,3,13,1973,69500
106,5,7,1966,142400
94,3,20,1970,118100
56,1,8,2003,64000
45,2,8,1968,52500
80,4,12,1980,113100
89,4,8,2017,131200
56,5,19,1977,101700
67,5,2,1984,106300
119,4,2,2015,157600
80,3,9,2012,111200
79,1,14,2015,93600
117,5,11,1966,155400
139,5,14,1972,180700
74,4,12,2015,117600
82,5,11,2010,133600
126,2,4,2013,145000
118,5,9,1968,156000
71,2,3,1972,77200
86,1,3,1972,82200
45,5,1,1981,82900
147,4,3,1999,181300
149,5,8,1992,193700
99,1,11,2014,111800
135,1,10,2020,149100
107,4,10,1960,133100
43,2,11,2021,67900
100,5,12,1979,142800
112,1,19,1962,113200
83,2,19,2016,110400
130,3,10,1961,146400
141,5,1,2006,186400
59,3,6,1977,78200
100,2,15,1967,110700
117,3,5,2017,147700
96,2,11,1975,107100
64,2,6,1968,70500
91,2,2,1961,93400
103,4,6,2021,145400
143,1,2,2014,151300
30,2,20,1982,47700
50,3,5,2002,76200
106,4,10,1967,134200
113,1,13,1967,112700
90,1,16,2002,101700
149,1,11,2016,162400
38,2,2,1981,46400
54,4,12,1966,82900
82,3,9,2014,113800
147,4,15,1991,184900
104,4,14,2020,150100
59,4,13,1974,90800
87,3,18,2013,123000
149,2,14,1990,166100
110,3,19,1996,141400
61,4,15,2021,107900
83,4,5,1977,111700
84,2,14,1993,102000
122,1,14,1975,124600
58,4,4,1990,90100
96,5,7,2009,145300
110,3,18,2022,148700
111,2,2,1982,119700
47,4,10,1973,77000
66,1,6,2001,72400
55,1,3,2014,63800
86,3,8,1963,102000
76,2,7,2013,96500
80,3,11,2012,112200
130,4,2,1967,154200
65,5,2,2012,112700
45,2,18,1978,60500
102,3,20,1977,128200
56,1,2,1999,59800
62,4,7,1980,92600
83,5,6,2000,129100
69,1,18,2008,83500
42,3,18,2017,79200
136,2,5,1993,149500
55,4,15,1966,85400
47,4,3,1961,69900
80,1,20,2011,96400
131,4,16,1984,167300
42,4,18,2020,90100
105,1,16,1987,112200
68,5,6,1987,110200
124,3,20,1994,155300
141,2,1,2014,158800
68,2,13,2012,91200
80,3,9,1992,105200
92,3,5,1972,109200
51,1,16,2005,63600
122,1,16,1992,130700
121,5,4,1983,161000
103,4,10,1987,137200
103,5,8,1960,138100
115,5,18,1961,155400
112,2,18,1966,123900
34,4,12,1991,70400
56,5,16,1986,102900
60,4,19,2017,107700
61,4,15,1990,98600
37,2,12,1979,49800
56,4,19,2009,101300
110,1,3,2021,120900
108,1,4,2012,116700
145,2,19,1970,158600
31,5,6,1995,75600
103,4,17,1991,141900
31,4,20,1989,70800
57,2,10,1992,72700
124,2,19,2008,149000
75,4,15,2016,120400
39,5,3,2011,86900
150,4,20,1995,191600
119,2,14,1978,132500
75,4,17,1990,113600
79,1,10,2000,87100
31,3,19,2006,65400
121,1,11,1973,121500
69,4,16,1989,106800
31,5,15,1979,75300
114,5,4,2011,162400
132,5,16,1997,182200
46,2,1,1970,50600
34,2,10,2014,56300
56,5,8,2011,106400
70,3,16,2016,105900
86,4,14,1984,121300
88,1,8,1971,86400
114,1,16,1998,124500
149,5,10,2006,198900
85,3,17,2023,123500
124,2,17,2003,146500
46,4,2,1960,68100
125,5,2,2021,175400
36,3,13,1962,54200
115,5,10,1969,153800
148,3,3,2016,177400
121,5,20,2015,178600
65,2,11,2016,88400
60,2,9,1997,76700
104,4,10,2022,148700
73,4,13,1960,100600
79,2,4,2019,99800
66,1,20,1965,68600
88,1,18,2014,104300
112,4,8,2008,151500
36,5,8,2012,86700
128,5,17,2015,184100
63,1,3,1962,56200
48,4,20,1968,81500
53,1,9,2020,66600
123,3,12,1993,150000
81,1,18,1971,84400
127,3,3,1994,149800
129,1,17,1969,131300
34,4,19,2001,76900
63,4,6,1984,94300
142,1,15,2002,153200
45,4,19,1960,75600
39,3,9,1969,57300
33,1,17,1990,41600
31,5,4,1988,72500
77,1,14,1980,81100
109,3,6,1975,127600
134,1,9,1984,136800
62,2,10,1965,69600
111,1,5,2015,121100
60,5,2,1989,100800
148,3,7,1963,163500
110,3,20,2021,149400
114,3,13,2015,148100
81,1,10,1968,79500
88,3,17,1991,116900
37,1,7,2001,43900
108,5,9,2020,161600
109,5,5,2017,159700
145,5,12,1994,192300
39,2,16,2023,67000
96,2,2,1974,102300
55,2,9,2020,78600
96,2,7,1981,106900
35,5,14,2003,86000
47,5,5,2000,92600
108,2,1,1998,121000
81,1,9,2014,92800
59,2,4,1981,68400
113,3,2,1960,125100
46,5,1,1977,82700
149,1,2,1992,150700
77,1,11,1985,81100
134,1,8,1984,136300
129,5,4,1964,163300
76,1,10,2022,90700
56,3,3,1975,73100
73,3,11,1970,92600
149,2,19,1974,163800
71,4,17,1961,100900
31,5,7,2015,82100
112,4,5,2011,150900
111,4,6,2006,148900
32,2,5,1976,40400
129,4,7,1981,159900
142,2,4,1994,155300
145,1,10,2003,154000
81,4,4,2016,120900
129,4,16,1980,164100
94,4,13,2012,137200
74,5,16,2009,127800
70,2,18,1966,81900
107,1,20,1960,108100
69,1,2,1991,70400
53,4,7,1999,89300
93,2,15,1979,107300
58,1,5,1963,52500
34,4,10,1979,65800
51,3,18,2010,86100
100,1,19,2016,117400
65,2,19,2015,92100
38,2,13,1987,53700
65,1,16,1976,68900
131,5,9,2000,178600
94,1,9,1976,94400
95,3,6,1981,115400
135,3,7,1983,156500
145,2,19,1974,159800
45,4,11,1993,81500
127,1,14,1987,133200
78,3,19,2019,116300
113,4,17,1987,150700
128,1,2,1972,123700
74,2,14,2009,96800
141,3,9,2022,175200
125,5,10,1974,165300
62,4,18,1988,100500
63,3,16,2014,98300
144,3,13,2004,174800
136,2,10,1960,142100
100,2,6,2006,117900
57,1,20,2009,72800
87,1,18,2002,99700
37,2,18,1974,51300
31,2,4,1971,37400
31,1,16,1992,39700
149,1,17,1994,158800
51,4,8,2012,91700
114,2,14,2020,140100
137,1,3,1969,132300
43,3,7,2017,74700
148,1,19,1994,158800
115,5,2,2021,165400
48,2,15,1978,62000
43,5,3,2002,88200
123,1,19,2015,140100
114,4,10,1963,141000
102,4,13,2003,142500
60,3,19,1960,80600
131,3,15,1975,154100
61,4,4,2012,99700
36,2,19,2014,62800
119,2,7,1972,127200
65,1,2,2016,73900
64,3,11,2015,97100
105,3,16,2023,143000
51,2,2,1980,59100
127,3,13,1978,150000
99,5,8,2019,151800
126,1,5,2023,138500
49,5,16,1968,90500
61,2,4,1982,70700
97,5,6,1963,132000
92,5,9,1961,127900
49,1,7,1977,48700
56,1,17,2021,73900
123,4,19,1992,163200
108,1,4,1984,108300
105,2,17,1964,115800
114,1,7,1979,114300
46,5,10,1960,82100
80,1,10,1993,86000
49,5,20,1989,98800
66,2,8,1996,81900
41,4,11,1961,67900
53,2,16,1980,68100
61,4,8,1960,86100
128,5,19,1993,178500
72,4,2,1969,96800
91,1,12,1986,95900
80,5,8,2010,130100
145,4,11,1970,174600
146,4,17,1966,177400
126,3,12,1974,147300
40,3,14,1972,61700
128,4,7,2008,167000
93,3,20,1968,116500
106,4,10,1961,132400
36,2,11,1990,51600
45,3,4,1978,63500
86,4,7,2008,125000
84,4,15,1966,114400
55,5,11,1966,93400
99,5,6,2004,146300
100,2,14,1996,118900
119,2,9,1989,133300
79,5,20,2021,138400
32,4,17,2018,79000
113,3,10,1977,134200
150,2,13,1961,157900
139,4,7,2016,180400
104,1,6,2008,112500
102,4,15,2003,143500
97,2,12,2005,117600
56,5,10,1996,102900
136,4,12,1984,170300
40,2,14,1989,56800
39,5,16,2019,95800
43,2,1,1992,54200
119,4,13,2005,160100
43,5,6,2017,94200
96,5,10,1986,139900
150,5,11,1987,194700
133,5,17,1995,183100
91,2,9,1998,108000
78,4,15,1990,115600
147,1,14,1966,146900
50,3,9,1974,69800
103,5,10,2000,151100
75,3,2,1971,90400
56,1,15,2000,66600
71,2,5,1990,83600
136,5,12,1964,174300
124,1,9,1999,131300
74,4,18,1998,115500
49,3,8,2002,76700
144,3,4,1979,162800
85,2,3,1970,90600
128,4,1,2008,164000
56,5,13,1977,98700
95,2,9,1989,109300
98,1,6,1995,102600
95,2,10,1988,109500
38,3,9,1985,61100
126,2,12,2023,152000
141,3,7,1992,165200
55,4,18,2021,103400
59,2,7,2013,79500
87,3,8,1999,113800
94,4,18,1965,125600
40,5,13,1983,84500
48,2,14,2014,72300
116,2,7,1993,130500
58,4,11,1974,88800
71,1,11,1968,70000
144,4,10,1968,172500
81,4,5,2001,116900
69,1,14,1974,71300
122,4,10,1977,153200
113,5,5,2003,159500
31,1,5,1995,35100
91,4,13,2010,133600
91,5,17,1998,142000
130,2,15,2004,151800
143,1,5,1991,145900
75,4,10,2005,114600
133,4,7,1980,163600
40,5,2,2001,84400
79,3,12,1976,100900
39,4,17,2010,83600
115,5,10,1993,161000
120,5,7,2018,172000
91,2,7,1966,97400
142,3,2,1997,165200
42,1,16,1993,51000
147,2,7,2016,168400
74,3,11,2012,106200
107,4,10,1992,142700
92,2,12,1996,109900
53,2,1,2010,69600
148,5,14,1976,190900
104,3,7,1987,126700
137,5,19,1971,180900
111,5,15,2007,163700
82,3,8,2016,113900
57,4,17,1979,92300
74,4,15,2009,117300
87,4,5,1993,120500
123,2,1,2000,136600
150,2,17,2018,177000
115,2,11,2011,136900
123,5,9,2011,173900
102,2,12,1973,113000
77,4,17,1993,116500
77,5,4,1975,114600
68,3,15,1986,94400
64,5,7,1995,109100
132,5,8,1961,167400
50,1,7,1997,55700
51,3,12,1990,77100
95,5,3,2007,141700
124,4,5,1971,150900
92,4,9,1991,126900
145,4,14,2007,187200
130,1,15,2008,143000
84,3,14,1977,107200
61,3,9,1963,77500
108,5,2,1960,140100
47,4,12,2019,91800
73,2,19,1985,91100
66,5,9,1995,112100
148,1,10,1992,153700
70,2,1,1972,75200
34,1,3,2021,44900
60,1,20,1997,72200
88,5,4,1995,131600
32,5,9,1973,71500
59,3,3,1972,75200
141,5,2,1974,177300
150,4,9,1974,179800
49,1,3,1985,49100
96,5,7,2014,146800
93,5,19,2005,147100
101,1,8,2014,112300
101,1,10,2018,114500
147,5,10,1984,190300
63,4,20,1967,96200
79,3,10,1997,106200
143,2,16,2006,165900
114,5,16,1985,160600
101,3,19,2013,137500
82,4,13,1995,120100
114,1,1,2006,119400
56,1,2,2007,62200
111,1,11,1974,111800
129,4,19,1966,161400
45,2,20,1988,64500
112,2,4,2003,128000
144,1,11,2018,158000
124,4,12,1977,156200
33,2,14,2017,58200
138,3,9,2019,171300
99,4,10,1986,132900
50,5,15,1984,95800
113,3,4,2009,140800
59,1,15,2007,71700
114,3,15,1997,143700
34,4,15,1992,72200
68,4,12,2018,112500
136,3,10,1982,158700
64,1,3,1994,66800
75,2,15,1972,87200
61,2,13,2018,86000
119,3,14,2016,153900
118,3,6,2016,148900
32,4,3,1969,57300
70,2,17,1961,79900
93,1,15,1967,93700
95,5,8,1964,131300
71,5,12,2022,126700
84,1,3,1984,83800
72,3,11,2019,106300
132,5,17,1993,181500
84,2,15,2008,107000
98,1,16,1966,98900
118,3,7,1992,142200
98,2,10,1985,111600
69,3,7,1998,95000
84,4,15,1963,113500
35,2,17,2013,60500
149,1,5,1998,154000
79,2,7,2016,100400
145,4,20,2006,189900
115,2,15,1991,132900
30,1,11,1968,29000
85,2,8,2012,105700
65,1,1,2023,75500
119,1,1,1980,116600
39,2,5,1962,43200
102,2,20,2019,130800
90,4,1,1976,116400
68,3,17,1967,89700
92,2,20,1971,106400
78,3,19,2000,110600
122,4,4,1989,153800
62,5,10,2011,113400
103,3,1,1965,116100
44,3,20,2019,82800
97,1,16,1968,98500
60,1,3,2015,69100
88,5,6,1983,129000
80,3,5,1961,93900
38,3,7,2021,70900
96,5,11,2014,148800
149,5,2,1982,187700
116,1,1,2008,122000
54,3,17,1966,75400
31,1,10,1982,33700
62,2,8,2020,85100
144,2,9,1960,149600
33,4,18,1995,73600
100,1,12,2004,110300
138,3,13,2010,170600
51,1,12,1978,53500
72,1,13,1964,70800
60,2,13,1980,73600
92,4,12,2004,132300
58,4,14,2011,101400
93,5,9,1960,128600
109,5,9,1964,145800
84,1,12,2003,94000
61,2,12,1976,72900
96,5,20,1963,138000
114,2,19,1987,132700
123,3,13,1960,140600
123,1,2,2022,133700
131,4,5,2017,171700
128,5,11,1962,165200
47,2,5,2021,68900
101,4,3,2002,136200
97,5,3,1994,139800
91,4,15,1960,119600
97,4,1,1968,121000
117,4,9,2014,158800
131,2,20,2020,160100
90,4,17,2007,133700
141,4,20,2022,190700
66,2,11,1992,82200
41,4,3,2003,76500
107,4,4,1997,141200
119,3,1,2015,147100
58,2,18,1975,72600
74,5,8,1987,117200
59,2,14,1982,73700
105,4,18,1964,136300
65,4,17,1992,104200
78,2,2,2023,99000
48,2,8,1970,56100
90,2,18,1985,107600
55,3,8,2001,82400
75,2,9,2007,94700
47,1,18,2007,61200
59,3,2,2018,88500
115,2,18,1970,128100
72,1,17,1976,76400
136,2,3,2002,151200
103,3,18,1971,126400
93,4,15,2012,137200
80,5,14,1966,119900
50,1,8,2010,60100
59,1,9,1969,57300
81,3,17,2003,113500
144,3,14,2020,180100
94,4,9,2009,134300
69,2,5,2014,88800
69,1,18,1988,77500
143,3,11,2019,177300
57,1,2,1964,50300
118,2,19,2022,147200
68,3,6,2005,95600
145,4,17,2012,190200
97,2,6,1993,111000
92,2,4,1980,101100
56,3,3,2002,81200
82,5,10,2007,132200
121,4,19,1981,157900
140,2,8,2003,158000
41,5,3,2002,86200
73,1,6,2020,85100
106,1,13,1982,110200
40,1,16,2018,56500
111,2,7,2021,133900
77,4,19,2016,124400
60,5,20,2007,115200
118,3,8,2011,148400
33,2,4,2007,50200
125,5,7,2004,172800
107,1,3,1978,105000
45,1,12,1994,52300
48,3,18,1999,79800
54,4,1,1963,76500
123,5,17,1970,165600
144,3,9,1966,161400
140,1,11,2002,149200
117,5,13,1990,163600
134,2,8,1992,148700
100,5,13,1962,138200
146,1,6,1960,140100
42,4,10,1983,75000
67,3,6,2005,94600
50,2,6,2009,68800
63,3,16,1986,89900
130,2,9,1977,140700
34,5,5,2018,85000
94,5,9,1987,137700
73,3,9,1984,95800
92,4,19,2001,134900
75,2,14,1995,93600
133,3,3,1989,154300
69,1,17,1974,72800
82,1,6,1980,82100
88,4,4,2014,127300
122,2,8,1973,131000
67,2,9,1981,78900
40,4,12,1989,75800
49,1,7,2014,59800
112,3,19,1986,140400
81,5,12,2015,134600
88,3,3,2019,118300
32,5,4,1989,73800
59,2,15,1991,76900
77,5,6,1968,113500
49,5,7,1998,95000
125,4,14,1999,164800
128,4,4,1979,156800
65,2,11,1985,79100
58,2,20,1994,79300
102,5,1,1987,141700
56,5,8,1991,100400
37,1,11,1971,36900
127,4,13,1982,161200
143,2,10,2000,161100
90,4,17,2008,134000
148,3,19,1995,179100
120,4,20,2006,164900
34,3,4,1975,51600
132,4,4,1971,158400
37,1,4,2016,46900
70,3,20,1972,94700
35,2,9,2018,58000
121,2,1,1986,130400
87,3,9,1996,113400
71,5,10,2016,123900
146,5,2,1966,179900
86,4,11,1999,124300
81,5,10,1987,125200
30,1,18,2002,42700
80,4,18,2022,128700
93,1,3,2023,104500
149,4,7,2012,189200
57,4,5,1999,92300
49,2,10,1985,62600
149,5,12,1977,191200
106,1,1,1970,100600
110,1,20,1985,118600
132,4,1,2007,167700
118,4,14,2006,159900
91,4,13,2009,133300
100,5,1,1989,140300
49,2,8,2004,67300
130,2,9,1975,140100
121,5,20,2009,176800
106,2,20,2001,129400
50,3,7,2006,78400
90,3,17,2010,124600
39,2,4,2023,61000
110,5,10,1994,156300
110,5,4,2004,156300
140,3,17,1988,168000
106,3,9,1964,122800
88,3,6,2018,119500
68,5,4,2012,116700
64,4,17,2023,112500
105,3,18,2000,137100
69,4,4,1986,99900
41,3,15,2006,73400
113,3,13,1980,136600
96,4,6,2006,133900
64,4,5,2018,105000
48,2,2,1962,50700
34,4,16,1992,72700
45,5,14,2008,97500
81,2,3,1999,95300
79,1,18,1965,80600
122,1,3,2018,132000
127,2,15,2009,150300
141,1,5,1970,137600
114,4,15,1960,142600
133,1,17,1960,132600
79,1,18,1980,85100
37,1,9,2006,46400
82,1,18,1992,91700
56,5,15,1993,104500
72,5,7,2022,125200
122,5,9,2011,172900
69,2,18,1983,86000
48,2,13,2016,72400
100,4,17,1999,141300
105,3,11,2019,139300
111,5,1,2006,156400
83,5,3,1994,125800
124,5,15,1992,172200
84,5,18,2023,143000
51,5,9,1965,88100
108,5,14,1986,153900
77,2,13,1999,96300
119,4,1,1968,143000
141,2,10,1991,156400
123,4,19,1998,165000
146,2,20,1961,157400
49,5,16,1975,92600
75,4,7,1979,105300
55,4,15,2010,98600
132,5,2,1998,175500
72,5,3,2004,117800
121,1,13,2015,135100
32,1,10,1980,34100
75,3,6,1979,94800
117,3,12,1971,137400
120,5,4,1975,157600
33,3,6,1963,48000
30,5,2,2023,81000
90,4,20,2010,136100
124,5,20,1968,167500
109,4,13,2017,153700
107,3,20,1966,129900
97,2,2,2011,114400
103,4,3,1986,133400
84,5,12,2014,137300
88,5,5,1964,122800
40,4,5,2020,81600
45,2,11,1986,59400
94,2,16,2019,120800
37,5,17,2017,93700
148,3,19,1981,174900
108,5,4,1995,151600
102,4,17,1990,140600
147,5,20,1970,191100
38,5,12,1996,85900
43,5,2,2017,92200
87,2,20,2001,110400
105,5,18,2007,159200
30,5,17,1988,78000
90,5,17,1985,137100
91,3,4,1969,106800
98,1,4,1994,101300
131,5,12,1996,178900
99,3,17,2021,136900
98,4,4,1981,127400
138,4,3,2012,176200
64,5,10,1965,101600
109,3,9,2023,143500
104,4,9,1981,135900
105,3,13,2005,136100
133,5,19,2004,186800
60,2,20,1994,81300
101,1,12,2020,116100
73,4,6,1968,99500
135,1,19,2014,151800
103,5,13,2007,154700
130,2,5,1967,135700
107,1,3,1994,109800
113,3,1,1988,133000
148,3,15,1985,174100
142,5,13,1980,185600
34,2,4,1990,46100
112,4,1,1967,135700
97,4,10,1994,133300
66,3,5,2020,97600
146,3,12,1966,164900
116,2,13,1976,128400
95,2,6,1995,109600
108,4,9,1976,138400
52,3,5,1987,73700
75,1,5,2015,85100
85,4,4,1981,114400
116,3,17,1970,138600
103,5,14,2009,155800
131,5,20,2003,185000
130,4,10,1962,156700
138,4,10,2023,183000
128,1,9,2018,141000
39,2,2,1996,51900
145,4,20,2011,191400
53,5,9,2008,103000
98,2,4,2009,115800
54,2,13,1977,66700
57,3,5,1993,80500
149,5,13,2009,201300
148,4,1,2011,184900
78,3,9,1960,93600
128,2,9,2012,149200
127,2,16,2020,154100
91,3,6,1999,116800
133,5,4,1964,167300
85,3,19,2021,123900
133,4,7,1995,168100
49,3,5,1979,68300
71,1,9,1973,70500
55,5,15,2022,112200
41,1,15,1974,43800
128,2,11,1992,144200
130,1,19,1993,140500
146,1,6,1996,150900
132,2,8,2023,156000
48,5,1,1981,85900
149,5,6,1975,187600
63,5,5,2012,112200
111,5,18,1970,154100
32,2,13,1977,44700
126,1,2,1967,120200
82,3,2,1966,95900
67,3,17,2018,104000
64,4,12,1973,95000
73,5,3,2019,123300
31,1,6,1997,36200
112,3,10,1995,138600
90,2,12,2009,111800
101,5,9,1987,144700
54,3,19,1983,81500
82,2,17,2016,108400
66,1,10,1971,65400
69,1,9,1993,74500
92,2,14,1994,110300
130,3,14,1992,157700
142,1,16,2003,154000
146,1,7,2006,154400
77,3,16,1984,103300
142,2,14,1966,151900
142,5,8,1975,181600
108,1,10,1967,106200
71,5,9,2008,121000
36,5,11,1987,80700
32,1,17,2018,49000
134,5,11,2003,183500
146,3,18,1966,167900
127,3,9,1989,151300
64,2,17,2008,88000
52,2,20,1987,71200
50,3,15,2022,87200
58,2,10,1989,72800
96,4,9,1972,125200
44,5,11,1983,87500
82,5,1,2009,128300
63,1,1,1962,55200
44,2,8,2005,62600
88,1,11,1987,92700
85,5,17,2007,138700
59,3,8,1961,74400
61,1,5,2010,69600
120,1,3,1973,116500
105,4,1,1977,131700
111,3,6,1982,131700
41,3,11,1968,60000
107,5,10,1984,150300
132,4,19,1965,164100
96,2,16,1975,109600
97,1,13,1982,101200
37,4,4,2007,74200
58,2,13,1972,69200
127,4,7,2018,169000
31,4,12,1992,67700
137,1,16,2016,152900
135,5,16,1966,175900
111,1,2,1993,113000
88,3,12,2018,122500
54,4,13,2009,96300
53,3,16,1973,76000
129,5,12,1980,172100
120,1,4,2017,130200
102,3,16,1980,127100
128,3,16,1961,147400
44,2,9,1979,55300
79,2,20,1976,94900
43,4,9,2007,82700
71,2,13,2018,96000
144,5,18,2014,200300
30,3,19,1972,54200
119,4,6,1988,151500
102,3,9,1970,120600
32,1,5,1979,31300
150,5,8,1980,191100
92,5,4,1988,133500
33,3,8,1984,55300
118,2,19,1980,134600
50,4,18,2017,97200
109,5,5,2010,157600
52,3,17,1972,75200
49,4,2,1997,82200
149,3,16,1994,178300
77,3,13,1968,97000
81,5,9,1984,123800
123,2,6,1993,137000
54,3,17,2017,90700
134,4,15,1968,165000
31,3,7,1966,47400
44,1,11,2017,57700
122,3,9,1993,147500
131,5,10,2013,183000
143,1,13,1962,141200
57,2,14,1985,72600
132,1,16,1963,132000
36,2,1,1993,47500
64,2,4,2002,79700
79,2,13,1992,96200
47,3,19,1977,72700
97,3,14,1987,123200
66,4,12,2008,107500
135,5,9,1978,176000
62,1,9,1986,65400
38,2,1,1985,47100
132,2,4,1981,141400
69,2,2,2013,87000
110,3,15,1973,132500
108,1,3,2023,119500
58,5,18,1986,105900
57,4,6,1994,91300
90,3,19,1992,120200
89,1,1,1968,83000
150,2,12,1965,158600
132,1,18,1966,133900
122,3,8,1995,147600
88,4,3,2015,127100
107,1,13,1979,110300
130,1,16,2016,145900
42,4,5,2001,77900
44,2,19,1968,57000
139,1,3,1978,137000
102,5,7,1982,143200
81,4,17,1965,112100
94,4,19,2009,139300
148,4,5,1979,177300
106,2,20,1999,128800
129,1,8,1969,126800
140,2,15,1969,151300
60,5,13,2007,111700
87,2,14,2004,108300
90,2,10,2012,111700
57,1,18,1980,63100
95,5,4,2015,144600
74,4,8,1999,110800
133,2,20,2013,160000
55,4,6,1973,83000
129,2,16,1961,138400
52,5,8,2020,105100
64,1,20,1995,75600
148,2,5,2010,166600
71,5,17,1979,116300
132,1,19,1993,142500
81,1,18,2017,98200
38,4,3,1979,66300
100,4,3,2021,140900
111,2,6,2014,131300
49,4,10,2016,91900
58,4,12,2006,98900
65,1,12,2003,75000
38,4,2,1961,60400
84,2,1,1993,95500
72,2,14,1965,81600
133,2,15,1999,153300
112,5,12,1984,156300
93,2,17,1966,104400
85,3,1,2005,110100
123,4,2,1987,153200
83,5,15,2021,139900
94,4,18,1970,127100
43,4,17,2023,91500
127,5,4,2003,173000
68,5,3,1998,112000
43,3,15,2021,79900
133,1,16,1978,137500
60,1,1,2001,63900
139,1,9,1998,146000
117,3,1,2011,143900
112,1,15,1970,113600
52,4,15,1991,89900
126,3,13,1972,147200
139,2,13,2010,161600
50,2,13,2007,71700
87,4,3,2000,121600
47,3,9,1977,67700
48,4,12,1973,79000
110,4,18,1978,145500
116,5,20,1990,166100
150,1,19,1986,158400
39,1,7,1970,36600
66,2,18,1992,85700
104,2,10,1998,121500
80,4,13,1970,110600
114,3,11,2014,146800
34,2,19,1989,53300
49,2,11,1968,58000
133,3,18,2000,165100
129,3,16,2014,164300
139,5,9,1974,178800
65,2,14,2007,87200
129,1,20,1968,132500
78,5,19,2015,135100
81,1,18,2008,95500
96,1,15,2018,112000
71,5,8,1999,117800
87,5,11,2014,139800
65,4,11,2018,109000
34,2,14,1991,51400
146,2,6,2020,168100
51,4,19,2021,99900
79,2,1,2020,98600
31,4,11,2015,74100
103,5,17,2022,161200
46,3,6,1990,69100
145,2,14,1986,160900
36,4,9,2020,79600
45,1,2,1999,48800
130,5,4,2002,175700
79,3,4,1986,99900
91,3,9,2020,124600
84,1,7,2004,91800
135,4,9,1962,161200
149,4,16,2002,190700
137,2,14,2005,158600
94,3,12,1981,117400
97,2,14,1972,108700
44,5,3,2002,89200
40,3,20,2022,79700
140,5,17,1978,185000
99,4,6,1962,123700
58,3,8,1976,77900
52,1,16,2019,68800
116,1,2,2020,126100
134,4,10,2008,174500
99,5,19,2013,155500
68,4,14,2009,110800
141,1,15,1961,139900
78,3,3,2012,106200
71,4,10,1999,108800
121,3,15,1972,143200
69,1,4,2023,81000
118,3,15,1977,141700
79,5,13,1980,122600
65,3,15,2000,95600
68,4,15,1980,102600
63,4,8,2023,107000
131,3,2,2010,158100
93,4,4,1969,118800
61,1,10,1990,66100
125,1,1,1997,127700
132,3,5,1973,149500
52,5,2,2007,98200
53,4,17,2001,94900
150,3,1,1979,167300
139,2,8,1964,145300
53,4,16,2021,100400
49,3,15,1988,76000
51,1,18,1971,54400
101,3,19,1967,123700
97,1,14,1964,96300
135,1,4,1974,132300
73,1,12,2007,84200
99,3,8,2023,133000
106,5,20,2001,159400
94,5,9,1990,138600
98,2,5,1996,112400
45,2,14,1983,60000
108,4,9,2000,145600
47,5,1,1990,87600
64,1,8,2018,76500
146,3,1,1992,167200
89,4,6,1967,115200
131,3,13,1975,153100
54,5,14,1992,101700
45,4,13,1999,84300
68,2,19,1985,86100
147,4,13,1999,186300
145,5,5,1986,186400
72,4,11,2016,115400
69,1,11,1973,69500
46,4,1,2009,82300
79,1,11,1993,85500
44,5,18,1998,95500
67,1,14,1975,69600
62,3,6,1960,76100
119,3,11,2019,153300
112,1,16,2020,129100
143,1,12,1974,144300
93,1,9,1997,99700
98,3,11,2001,126900
100,4,10,2000,138100
128,5,9,1960,163600
79,3,6,1978,98500
112,1,20,2007,127200
120,2,11,1997,137700
116,2,5,2021,137900
85,3,4,2002,110700
58,5,6,2000,104100
94,4,2,1999,127800
31,2,20,1985,49600
50,2,14,1989,66800
50,2,12,1993,67000
63,3,18,1970,86100
144,1,17,2012,159200
121,3,14,1966,140900
95,5,15,1980,139600
78,1,1,2012,85200
105,2,6,1994,119300
67,4,11,1999,105300
81,3,9,1976,101400
139,3,19,1981,165900
116,4,11,2004,155800
39,1,6,2005,46600
109,2,17,1960,118600
84,5,11,1996,131400
102,3,1,2017,130700
80,4,19,1973,114500
48,5,20,2016,105900
102,1,8,1962,97700
124,5,19,1970,167600
138,2,4,2013,157000
108,3,5,1996,132400
147,4,8,1990,181100
34,2,16,1994,53300
79,2,20,1989,98800
96,4,6,1960,120100
83,3,8,2003,111000
94,1,18,2014,110300
44,2,20,1961,55400
95,5,8,1983,137000
125,1,5,1970,121600
91,2,16,1985,107600
43,3,18,1971,66400
34,1,5,2011,42900
47,3,12,1986,71900
101,3,11,1971,120900
85,2,11,2013,107500
75,1,8,2003,83000
143,4,6,1962,167700
67,4,16,1978,101500
79,2,13,1967,88700
57,3,10,1972,76700
33,4,18,2016,79900
101,3,16,2008,134500
75,1,9,1988,79000
40,5,4,1970,76100
107,4,6,1977,136200
101,4,20,1961,132400
133,1,17,2008,147000
83,2,20,1992,103700
108,4,11,1973,138500
61,1,10,1988,65500
110,4,20,1984,148300
96,4,10,1988,130500
109,5,8,1971,147400
124,4,13,1972,155200
86,3,20,1963,108000
102,3,19,1960,122600
51,5,7,1993,95500
31,2,16,1987,48200
145,3,4,2016,174900
137,3,9,2012,168200
30,5,20,1979,76800
37,5,20,1975,82600
121,1,2,2023,132000
147,2,12,1998,165500
105,3,18,1961,125400
64,2,1,2020,83600
121,5,20,1969,164800
70,1,2,1987,70200
120,4,18,1971,153400
33,2,9,2010,53600
130,4,18,2020,178100
61,2,15,1997,80700
78,2,2,1977,85200
56,5,18,1980,102100
47,1,9,1994,52800
45,5,18,1960,85100
58,4,10,1974,88300
69,3,19,2014,105800
112,5,15,1960,150600
61,4,12,1977,93200
93,3,17,2007,126700
109,5,16,1965,149600
80,1,7,2000,86600
52,2,10,1972,61700
71,5,9,1990,115600
52,3,17,1991,80900
41,4,15,1997,80700
132,5,18,1992,181700
84,5,11,1960,120600
98,1,13,1963,96500
106,3,1,2003,130500
136,4,1,1989,166300
52,1,4,1969,47800
50,4,12,1965,78600
48,1,12,1987,53200
91,3,13,1980,114600
149,5,12,2005,199600
38,5,8,1982,79700
145,3,12,1965,163600
127,2,3,1999,141300
113,3,16,2013,148000
146,1,20,1978,152500
64,3,5,2019,95300
145,1,4,2008,152500
103,2,19,1965,115100
139,3,11,1979,161300
79,4,13,1973,110500
82,4,17,1991,120900
44,4,8,1974,73300
136,3,18,1978,161500
147,4,12,1993,184000
69,2,16,1980,84100
116,2,16,2003,138000
101,2,8,2021,124400
125,4,14,1986,160900
47,5,11,2004,96800
68,2,9,1986,81400
50,5,19,2005,104100
63,2,16,1978,77500
114,2,15,1967,124700
122,3,6,2004,149300
130,1,3,2016,139400
78,3,6,1981,98400
68,4,11,1998,106000
46,1,16,1995,55600
42,2,13,1962,50200
84,1,19,1968,87000
39,4,12,2023,85000
62,2,11,2011,83900
72,2,13,2001,91900
116,3,2,2015,144600
136,3,10,2022,170700
98,5,10,1962,134700
32,3,1,1993,53500
120,4,13,1996,158400
128,5,20,1978,174500
145,5,3,2005,191100
130,5,4,1998,174500
149,1,12,1974,150300
127,2,2,1992,138700
132,4,3,1980,160600
46,3,2,1973,62000
55,5,14,1997,104200
96,4,12,2010,138100
82,2,5,1985,93100
67,5,2,1967,101200
83,3,5,2002,109200
91,3,16,1977,115200
107,4,4,1997,141200
132,5,5,2021,183900
31,1,12,2003,41000
104,5,6,1997,149200
102,4,1,2001,135900
137,1,7,1988,140000
149,4,19,2017,196700
70,5,14,1962,108700
147,1,7,2008,156000
109,1,16,1978,113500
112,4,15,2007,154700
121,2,17,2017,147700
98,5,11,1990,143600
63,5,14,2021,119400
36,2,12,1994,53300
137,3,18,2023,176000
52,3,6,1995,76600
123,5,11,2007,173700
91,5,1,1961,122900
34,2,16,2001,55400
94,2,15,1993,112500
71,4,9,1984,103800
50,5,10,2001,98400
69,1,13,2018,84000
105,4,18,2011,150400
109,3,20,1983,137000
149,5,10,1991,194400
35,1,10,1971,34400
91,1,16,1999,101800
88,5,4,1976,125900
115,4,5,1971,141900
136,1,19,1976,141400
149,5,9,1979,190300
85,2,19,1960,95600
139,5,15,1971,180900
142,3,15,2011,175900
58,1,10,2013,70000
83,1,20,1966,85900
33,4,17,2018,80000
146,5,17,1960,185600
69,5,15,2009,122300
63,4,7,2002,100200
69,3,10,1973,89000
130,5,17,1995,180100
109,1,15,1974,111800
45,4,5,1964,69800
105,5,2,1963,138000
122,4,6,1964,147300
82,5,4,1998,126500
113,1,15,2023,130500
123,4,18,1977,158200
129,1,20,1964,131300
75,4,4,2021,116400
69,3,19,2014,105800
108,5,12,2012,160700
63,5,7,1995,108100
53,5,6,1980,93100
78,2,17,2016,104400
52,4,7,1976,81400
67,2,8,1979,77800
89,4,11,2001,127900
144,3,8,1997,170200
119,4,11,2001,157900
146,3,20,1971,170400
100,5,6,1967,136200
139,1,3,1981,137900
131,3,11,1969,150300
115,4,11,1972,145200
59,4,13,1967,88700
55,5,8,2009,104800
73,4,8,2018,115500
112,5,16,1977,156200
74,1,4,2022,85700
88,2,12,2002,107700
99,5,14,2020,155100
134,5,9,1999,181300
119,5,19,1991,168900
122,1,12,1979,124800
106,2,14,2017,131200
112,4,13,2009,154300
84,5,14,1999,133800
56,2,3,1982,65200
114,2,5,2007,131700
119,2,6,1994,133300
144,3,5,1979,163300
138,5,20,1969,181800
113,5,5,1968,149000
38,2,14,2012,61700
57,1,6,1987,59200
87,1,3,1996,90400
96,5,19,1982,143200
56,3,14,1999,85800
68,5,5,1997,112700
113,1,6,2013,123000
133,4,11,1990,168600
88,5,14,1970,129100
146,4,20,1971,180400
135,4,20,1979,171800
32,3,2,2017,61200
102,5,1,2007,147700
85,4,3,2002,120200
64,5,5,1973,101500
92,2,13,2019,117300
31,3,12,1976,52900
110,2,1,1995,122100
117,3,2,2005,142600
43,2,12,1980,56100
86,1,12,2001,95400
62,5,8,1986,104900
106,5,16,2008,159500
128,3,9,1981,149900
125,5,6,2020,177100
115,5,11,2005,165100
91,2,2,2007,107200
50,1,19,1999,62300
59,4,4,1974,86300
54,4,14,2007,96200
61,2,18,1966,72900
83,4,12,2017,127200
142,1,2,2005,147600
34,1,9,1983,36500
141,3,1,2002,165200
125,2,15,1997,144700
45,4,16,1984,81300
71,1,8,1979,71800
83,5,6,1970,120100
31,4,18,1964,62300
90,1,6,2021,102400
73,2,3,1967,77700
89,5,5,2006,136400
127,1,15,1971,128900
46,2,7,2010,65600
53,4,16,1992,91700
91,4,15,1999,131300
147,3,18,1981,173400
77,1,5,1977,75700
39,3,1,1973,54500
117,5,19,1985,165100
94,5,4,1972,130700
128,4,1,1970,152600
44,5,14,1962,82700
59,5,16,1965,99600
146,3,14,1979,169800
143,5,15,1985,189100
98,4,10,1965,125600
52,1,1,1960,43600
113,3,17,2003,145500
45,4,19,1974,79800
149,3,2,1988,169500
129,4,18,2020,177100
131,3,9,1969,149300
120,1,12,1966,118900
130,2,6,2004,147300
39,1,9,1979,40300
126,4,18,1978,161500
38,1,10,1982,40700
99,5,15,1984,144800
96,4,14,2015,140600
43,1,14,1964,42300
46,5,4,2021,97400
135,3,9,1990,159600
81,1,12,1976,82900
144,5,8,2016,195900
126,4,18,2015,172600
40,3,5,1962,54200
121,2,17,1977,135700
70,1,6,2015,80600
146,3,6,1971,163400
71,3,8,2005,99600
67,5,14,1988,113500
35,4,18,1967,67200
53,4,17,1961,82900
117,4,12,1983,151000
46,2,3,1985,56100
69,2,11,1965,77100
49,2,16,1974,62300
139,2,8,1982,150700
75,2,4,1989,86800
89,4,12,2001,128400
109,4,15,1976,142400
124,5,14,2022,180700
137,3,8,1979,157800
88,2,17,2013,113500
95,4,5,1998,130000
78,5,5,1963,112500
150,3,13,1970,170600
129,4,16,1985,165600
87,1,19,1999,99300
62,3,18,1967,84200
79,3,9,2015,111100
34,5,13,1973,75500
70,3,20,1967,93200
81,1,11,1974,81800
41,1,10,2011,52400
103,2,3,1969,108300
124,2,7,1985,136100
79,5,17,1973,122500
141,4,10,1992,176700
87,4,5,2011,125900
66,3,13,2017,100700
121,4,13,1990,157600
46,5,1,2018,95000
132,3,13,1986,157400
126,3,20,2002,159700
112,1,20,2008,127500
42,2,15,1993,60500
103,2,18,1980,119100
81,4,19,1975,116100
135,1,18,1990,144100
115,5,9,1995,161100
62,1,4,1971,58400
137,4,6,2005,174600
35,3,4,1967,50200
63,2,19,2023,92500
97,1,2,1989,97800
116,2,18,1996,136900
141,1,14,1967,141200
72,3,16,1993,101000
149,2,12,1985,163600
57,4,1,1983,85500
93,4,13,2000,132600
50,5,8,1980,91100
117,3,16,2022,154700
98,5,5,2022,150200
62,4,18,2009,106800
114,3,17,1993,143500
64,5,3,1981,102900
79,1,2,2021,89400
35,4,4,1976,62900
58,4,8,2002,95700
109,5,3,1961,141900
93,1,19,2023,112500
145,1,6,2016,155900
136,5,2,2000,180100
113,5,15,2010,166600
105,1,14,1997,114200
116,3,4,1964,130300
130,3,15,1978,154000
40,3,5,1969,56300
43,4,9,1966,70400
67,1,20,2013,84000
130,5,15,1999,180300
63,3,15,1989,90300
56,4,20,2020,105100
116,5,11,1985,160100
95,5,9,1983,137500
58,1,5,1971,54900
58,5,10,1977,99200
78,3,1,2019,107300
113,4,5,1978,142000
40,3,2,1979,57800
124,1,18,2015,140600
65,1,1,2021,74900
85,1,10,1965,82600
134,1,20,2002,147700
42,5,13,2005,93100
50,1,1,1974,45800
103,5,8,1991,147400
128,1,4,1971,124400
139,1,19,1998,151000
136,3,15,1978,160000
99,4,19,2004,142800
53,1,8,2008,62500
101,1,12,1984,105300
87,5,11,1997,134700
122,3,10,1998,149500
71,1,2,1986,70900
121,1,12,1963,119000
58,3,15,1968,79000
95,4,12,1993,132000
32,1,18,1997,43200
110,5,2,2016,158900
54,3,17,2009,88300
39,3,8,1973,58000
35,2,3,2003,50500
144,2,4,1969,149800
60,1,15,1989,67300
39,5,2,2002,83700
114,5,8,2004,162300
35,4,1,1965,58100
30,3,16,1988,57500
84,4,20,1976,119900
107,1,3,1962,100200
98,5,2,2007,144200
134,3,19,2012,170200
50,2,3,1984,59800
100,4,6,1974,128300
67,2,16,1992,85700
141,4,9,2002,179200
72,5,11,2006,122400
62,4,7,2013,102500
44,5,1,2013,91500
39,1,20,2000,52100
81,2,8,1966,87900
115,5,18,2013,171000
94,3,4,1994,117300
48,1,13,1990,54600
94,3,6,2020,126100
95,2,1,1995,107100
129,4,19,1967,161700
107,1,12,1991,113400
105,5,8,1999,151800
141,2,2,2000,155100
150,5,8,2008,199500
142,1,10,1991,147400
86,4,12,2009,127800
119,4,2,1965,142600
42,2,12,1980,55100
89,1,8,2016,100900
114,5,3,2000,158600
32,2,6,2021,54400
141,4,17,1963,171500
40,3,19,1990,69600
113,2,19,2020,141600
65,2,10,1973,75000
69,1,5,2020,80600
95,3,4,1991,117400
148,1,8,2010,158100
80,2,5,2020,101600
75,4,13,1978,108000
112,4,18,1961,142400
128,2,16,1970,140100
30,5,9,1995,76100
31,2,4,1991,43400
120,4,5,2007,157700
53,1,13,2020,68600
119,3,5,1964,133800
135,2,3,1968,140000
85,5,11,2012,137200
150,3,8,1962,165700
129,1,6,2008,137500
75,2,13,2023,101500
67,5,4,2001,112400
62,3,5,2006,89400
145,5,19,1965,187100
81,2,8,2023,105000
127,2,2,1997,140200
127,1,10,1986,130900
148,1,6,1982,148700
110,1,5,1996,114400
146,5,11,2022,201200
148,2,4,1977,156200
43,3,5,2000,68600
109,2,15,2008,132000
64,1,1,1976,60400
37,5,20,2011,93400
55,4,8,2014,96300
57,5,11,1968,96000
120,4,9,2011,160900
81,5,5,2022,133200
135,2,11,2009,156300
134,2,19,1969,147300
30,4,11,1969,59300
45,1,16,1980,50100
150,1,18,2005,163600
109,3,10,1973,129000
30,3,9,1986,53400
44,4,8,2013,85000
148,3,1,2021,177900
120,4,6,1993,154000
143,3,7,2009,172300
78,4,20,1997,120200
99,1,3,2013,107500
45,5,3,1992,87200
130,3,20,2022,169700
99,1,13,1963,97500
70,3,19,2011,105900
80,2,19,1969,93300
43,5,13,2005,94100
34,5,10,1996,80900
136,3,2,1974,152300
76,1,3,1998,80000
97,2,12,1974,108300
56,4,3,2006,92400
81,4,8,1966,107900
47,4,1,1985,76100
137,4,9,2023,181500
35,5,13,2015,89100
44,3,13,2020,79600
144,1,18,1968,146500
35,2,5,1984,45800
41,4,15,1961,69900
80,4,13,2001,119900
76,3,13,1984,100800
143,5,20,2002,196700
147,5,20,1989,196800
106,5,14,2001,156400
37,4,18,2012,82700
50,2,2,1964,53300
116,5,6,2008,164500
69,5,11,1979,111300
87,3,10,1977,108200
110,1,17,1963,110500
34,5,8,2015,85600
57,4,4,1974,84300
147,2,5,2005,164100
32,3,10,2015,64600
106,2,9,1983,118500
125,4,4,2016,164900
69,1,20,2018,87500
34,3,20,1971,58400
93,4,12,1979,125800
60,5,2,1963,93000
31,5,1,1972,66200
99,1,19,2000,111600
43,4,3,1970,68600
31,4,9,1971,59900
41,2,18,1968,53500
97,1,7,1978,97000
45,1,6,2019,56800
34,5,8,1980,75100
118,5,15,2023,175500
126,5,8,1960,161100
85,4,5,2021,126900
55,5,13,1980,98600
121,3,6,2003,148000
43,5,6,1978,82500
141,2,7,1997,156700
146,4,14,2019,191800
98,4,19,2021,146900
60,2,9,2018,83000
37,5,15,1965,77100
70,2,15,2000,90600
148,4,5,1972,175200
129,3,2,1966,142900
150,3,5,2002,176200
112,1,10,1979,113800
134,2,6,2004,151300
125,1,9,1979,126300
112,4,19,1965,144100
95,5,2,1969,129800
127,5,19,1966,169400
40,1,16,1974,43300
68,5,3,1988,109000
86,2,9,1998,103000
104,1,11,2005,114100
59,3,8,2002,86700
80,2,11,1995,97100
58,5,7,2005,106100
36,3,17,1960,55600
138,5,14,2017,193200
144,1,3,2021,154900
30,3,8,1967,47200
95,2,11,1969,104300
39,4,3,2020,79600
95,1,7,1991,98900
137,1,2,1982,135700
131,5,13,2020,186600
80,5,19,2017,137700
66,4,7,1975,95100
33,2,8,1972,41700
137,5,9,1985,180100
129,5,14,1998,178500
134,5,19,2006,188400
71,1,18,2000,83100
142,3,6,1961,156400
81,1,7,1960,75600
112,4,12,1962,139700
101,5,5,1991,143900
88,2,11,2007,108700
81,4,8,1966,107900
125,5,2,1998,168500
44,3,6,2022,76700
45,3,10,2014,77300
99,5,8,1985,141600
32,2,2,2023,53000
41,5,11,1970,80600
116,1,9,2023,130500
103,5,12,2006,153900
85,5,12,1982,128700
84,4,5,1980,113600
45,3,10,2004,74300
42,1,11,1992,48200
114,5,18,2001,166400
88,3,10,2019,121800
32,2,20,2015,59600
73,4,7,2020,115600
113,2,18,1981,129400
116,2,14,2011,139400
44,2,13,1979,57300
58,5,18,2010,113100
79,3,8,1976,98900
137,2,19,1974,151800
120,1,14,1988,126500
84,2,11,1973,94500
108,2,3,2019,128300
119,3,20,2014,156300
64,1,9,1960,59600
126,4,20,1999,168800
31,1,3,1998,35000
102,2,6,1963,107000
113,2,4,1969,118800
31,1,3,1977,28700
43,5,17,2019,100300
64,4,19,1965,96100
148,1,10,1968,146500
108,2,13,1970,118600
68,2,2,2006,83900
123,4,18,2006,166900
50,5,4,1987,91200
100,4,5,1998,135000
121,1,13,2012,134200
83,1,15,2007,95700
125,4,17,1963,155500
85,5,9,1974,124800
142,1,12,2017,156200
56,4,5,2023,98500
33,2,20,1981,50400
146,3,12,1988,171500
46,2,11,1989,61300
52,4,7,1992,86200
62,2,12,2013,85000
76,4,2,2002,110700
88,4,10,2017,131200
95,1,1,2019,104300
110,5,13,2011,162900
136,2,2,2001,150400
51,1,8,1983,53000
105,2,11,1978,117000
95,3,13,2002,125200
131,1,18,1993,141000
83,3,14,1972,104700
81,3,10,2002,109700
67,5,3,2013,115500
70,5,17,1979,115300
112,1,17,1983,118500
134,5,18,1966,175900
42,3,17,2014,77800
60,3,17,2014,95800
45,3,20,2006,79900
135,3,15,1998,165000
95,4,12,2023,141000
36,3,13,1971,56900
60,4,7,2004,97800
70,3,16,1985,96600
143,3,20,1987,172200
69,2,3,2020,89600
56,4,2,1989,86800
148,5,1,1969,182300
135,3,4,1981,154400
82,4,19,2021,130900
92,2,10,2001,110400
125,5,8,2018,177500
103,3,20,1974,128300
90,4,7,1971,117900
92,1,6,1991,95400
86,3,5,2002,112200
99,3,12,2021,134400
30,5,5,2021,81900
84,2,20,1994,105300
102,4,17,1979,137300
127,1,20,2013,144000
130,1,13,1975,132100
33,3,7,1975,52100
77,1,7,1968,74000
110,3,1,1975,126100
82,1,6,2014,92300
97,4,11,1972,127200
107,2,14,2023,134000
105,4,4,1981,134400
31,1,11,1978,33000
149,4,1,1965,172100
139,4,6,1989,171800
111,4,11,1985,145100
104,1,19,1979,110300
78,5,19,2003,131500
81,4,6,1967,107200
108,3,18,1974,132300
100,4,9,1966,127400
58,4,7,1983,89500
125,2,20,2004,149300
36,4,12,1997,74200
148,3,6,1995,172600
44,5,15,1999,94300
72,4,10,1987,106200
60,3,19,2001,92900
41,4,18,1974,75300
82,2,20,2017,110200
36,5,19,2011,91900
56,5,13,1985,101100
113,4,11,1961,139900
35,4,6,2012,74700
46,5,20,1961,87400
90,2,15,1996,109400
64,1,3,1967,58700
144,5,7,1970,181600
77,4,7,2023,120500
49,2,6,1976,57900
107,1,19,1996,118400
80,5,7,1987,122700
35,4,18,1989,73800
124,3,9,2018,157000
35,3,2,1972,50700
133,4,1,2009,169300
71,3,6,2002,97700
52,2,8,1993,67000
97,1,10,1996,103900
114,3,19,2020,152600
74,5,11,2015,127100
39,1,5,1966,34400
115,4,2,2005,150600
85,3,16,1969,106800
52,3,3,1960,64600
142,5,19,1993,192500
52,4,9,1996,88400
135,1,11,1991,140900
71,2,17,1964,81800
98,3,1,1971,112900
101,5,3,1988,142000
54,3,10,1996,80900
104,5,19,1994,154800
59,3,20,1970,83100
44,4,2,1965,67600
96,4,8,2005,134600
149,1,18,1996,159900
65,5,13,2016,119400
35,2,11,1960,41600
138,4,15,1986,174400
94,2,7,1962,99200
133,5,16,1980,178100
50,1,15,2005,62100
117,2,3,2005,133100
91,5,4,1992,133700
93,4,3,1983,122500
103,1,18,1982,109700
137,1,12,1997,145200
74,1,2,1990,75100
141,1,8,2022,154700
32,1,13,2004,42800
76,2,4,2020,97100
138,5,18,1999,189800
80,3,2,1964,93300
129,2,12,1999,147800
110,4,16,1972,142700
36,3,14,1992,63700
64,1,5,1988,66000
70,3,8,2018,102500
47,3,6,1983,68000
145,3,11,1961,161900
39,2,6,1993,53000
133,5,13,2008,185000
90,1,3,1971,85900
111,3,13,2007,142700
55,3,13,2010,87600
47,1,11,1966,45400
122,2,13,2016,146400
70,5,7,1995,115100
108,5,5,1981,147900
124,4,2,2010,161100
63,5,8,1994,108300
76,1,7,1975,75100
141,1,14,1970,142100
65,2,12,1999,83800
40,3,1,1961,51900
49,5,12,1998,97500
61,1,1,1972,56200
89,4,9,2005,128100
56,4,8,1976,85900
53,1,18,2006,66900
46,1,16,1985,52600
104,1,14,1969,104800
85,2,5,1994,98800
69,4,17,1996,109400
40,5,2,2008,86500
34,4,20,1990,74100
83,4,19,2017,130700
50,1,3,2004,55800
75,1,7,2015,86100
42,5,4,1996,85900
144,4,6,2000,180100
127,3,1,1994,148800
58,2,11,2006,78400
135,3,6,1975,153600
96,2,8,1992,110700
80,4,16,1973,113000
68,3,18,1999,99800
42,3,2,1989,62800
112,1,20,1990,122100
93,2,14,1988,109500
65,4,5,2022,107200
100,1,10,2007,110200
56,4,7,1965,82100
42,4,13,1990,78600
68,5,20,1997,120200
134,3,16,2019,170800
130,2,18,1992,149700
118,4,17,1972,151200
117,4,20,1975,152600
32,3,5,1961,45900
74,2,8,2008,93500
85,5,16,2017,141200
150,3,15,1968,171000
104,2,3,2015,123100
139,1,13,2008,151000
142,5,10,1993,188000
114,4,19,2007,158700
69,4,1,1993,100500
135,2,12,1969,144800
56,2,14,1984,71300
150,2,19,2021,178900
36,2,13,1970,46600
141,3,12,1990,167100
104,4,20,2002,147700
112,4,7,2020,154600
101,5,19,2011,156900
60,1,1,2015,68100
105,2,20,1962,116700
43,1,13,1973,44500
115,5,18,1995,165600
50,3,17,1966,71400
91,5,6,1990,134100
107,2,6,1964,112300
66,3,17,2002,98200
104,3,1,1998,127000
114,2,9,1960,119600
33,5,12,1999,81800
39,2,16,2018,65500
134,1,14,2010,147100
133,2,5,1996,147400
142,1,19,1994,152800
136,2,15,1989,153300
87,1,4,1983,87000
48,3,17,1988,76000
44,3,12,1961,61400
83,4,6,1973,111000
149,2,13,1974,160800
56,4,5,2004,92800
79,2,8,2004,97300
96,2,13,1981,109900
70,5,1,2010,116600
82,1,14,1970,83100
126,4,16,2014,171300
55,2,4,2013,74000
77,2,6,2017,98200
52,4,11,1979,84300
122,2,1,2000,135600
57,2,14,1987,73200
46,4,17,1975,80100
44,5,3,1996,87400
113,4,15,1966,143400
116,1,1,2001,119900
30,1,9,1975,30100
64,1,6,2016,74900
142,5,16,1974,185300
58,2,11,1963,65500
74,2,10,1985,87600
68,4,9,1971,96900
109,3,2,2004,134300
47,2,4,1972,53700
103,4,14,2011,146400
138,2,16,2016,163900
143,4,4,1995,176600
138,4,4,1991,170400
146,3,6,1993,170000
150,3,6,2005,177600
129,1,12,2002,138700
149,5,10,1989,193800
67,3,9,1965,84100
49,1,4,1964,43300
80,1,19,2000,92600
41,5,2,2019,90800
112,5,6,2013,162000
114,1,7,2007,122700
103,4,15,1965,133100
136,2,18,1979,151800
33,2,6,1962,37700
128,5,12,2018,182500
51,1,8,1970,49100
68,5,4,1998,112500
71,1,3,1997,74700
133,3,6,1977,152200
34,5,19,1967,76700
140,5,7,2014,190800
90,1,7,2005,98100
60,4,11,2014,102800
142,4,15,1976,175400
116,4,5,1964,140800
126,5,1,1963,158500
98,5,10,1996,144900
71,4,4,1981,100400
129,1,4,2005,135600
46,2,12,1977,58200
105,3,15,1986,131400
67,2,6,1988,79500
110,2,8,1980,121100
59,4,15,2010,102600
137,2,2,1966,140900
68,2,5,1995,82100
85,5,20,2003,139000
32,4,14,2008,74500
130,4,16,1972,162700
72,1,7,2008,81000
77,5,17,2016,133400
136,4,18,2002,178700
55,5,17,2021,112900
137,2,5,1975,145100
69,2,7,1977,78700
129,4,6,1996,163900
66,5,14,1994,114300
144,5,9,1972,183200
97,4,20,1981,134400
38,1,20,1999,50800
126,3,6,2003,153000
133,4,7,1960,157600
69,3,6,1968,85500
137,4,3,1981,165900
110,2,8,1995,125600
120,3,6,1976,138900
36,2,2,2019,55800
132,1,17,1987,139700
83,2,2,2019,102800
113,2,3,1968,118000
77,3,6,2004,104300
146,5,8,1960,181100
84,2,5,2010,102600
131,4,6,2008,169500
46,3,9,2015,78100
43,4,7,2018,85000
135,5,4,1969,170800
53,1,4,1995,56600
100,3,12,1972,120700
98,2,11,1969,107300
50,3,14,1997,79200
73,1,7,1992,77200
35,5,12,1962,72700
106,3,17,2018,143000
112,1,8,2009,121800
144,5,8,2003,192000
55,5,15,1998,105000
46,5,12,1976,87900
128,3,7,1969,145300
97,1,8,2002,104700
124,1,12,1973,125000
103,4,17,1963,133500
63,4,2,1977,90200
150,4,6,1992,183700
142,4,20,1986,180900
145,1,18,1990,154100
115,2,4,2007,132200
45,2,17,1995,65100
67,1,8,1993,72000
123,4,13,1985,158100
94,5,11,1969,133300
74,4,9,1989,108300
123,1,11,2020,137600
76,3,5,1978,95000
89,4,12,1979,121800
104,4,11,1986,138400
98,1,20,2017,116200
36,2,3,2016,55400
139,3,20,1964,161300
141,3,12,1987,166200
107,1,7,1975,106100
42,5,20,1961,83400
45,3,11,1984,68800
127,1,13,2019,142300
37,4,15,1995,76100
126,4,16,2009,169800
114,1,7,1963,109500
127,1,15,1976,130400
149,3,9,2019,182300
103,5,11,1960,139600
30,3,19,1991,59900
76,2,20,1971,90400
30,2,7,1965,36100
35,2,15,2021,61900
99,2,16,2010,123100
109,4,6,1978,138500
73,4,17,2017,119700
54,3,5,1984,74800
109,4,4,1978,137500
147,5,6,2021,199400
124,3,18,2022,162700
60,3,7,2010,89600
116,1,11,2004,125800
55,1,2,1960,47100
76,2,7,1997,91700
140,4,4,2000,175100
147,5,6,1978,186500
101,2,17,1971,113900
60,2,12,2023,86000
50,3,17,1988,78000
121,3,16,2001,152400
46,5,1,1995,88100
119,3,14,2023,156000
57,1,11,1987,61700
76,3,7,2005,104100
94,2,19,2008,119000
120,2,11,1975,131100
100,1,7,1984,101800
80,2,11,1983,93500
130,3,10,1998,157500
32,4,8,1988,65500
91,4,2,2018,130500
55,5,8,1970,93100
53,2,19,2016,80400
50,2,16,1997,70200
127,5,2,2001,171400
53,3,10,1961,69400
125,2,15,1983,140500
67,4,20,1978,103500
32,5,10,1998,79500
142,3,10,2006,171900
141,3,2,2002,165700
69,5,20,2012,125700
51,2,15,1985,67100
35,3,1,1968,49000
67,3,19,1973,91500
130,4,6,1987,162200
122,5,10,1979,163800
141,4,1,2019,180300
136,2,4,1987,147200
105,4,5,1977,133700
35,2,11,1982,48200
145,3,1,2020,174600
39,4,19,1962,70200
121,1,19,1960,121600
91,2,8,1976,100900
47,4,1,2013,84500
79,4,9,2004,117800
132,5,3,1976,169400
70,4,10,2010,111100
78,3,4,1961,91400
69,3,3,1983,88500
37,5,16,2011,91400
87,5,10,1983,130000
36,3,8,1974,55300
71,3,10,1998,98500
95,3,5,1968,111000
106,1,13,2023,122500
50,4,12,1965,78600
131,2,5,2007,148700
57,2,3,2012,75200
93,5,5,2008,141000
32,5,10,2005,81600
141,1,7,2019,153300
99,5,3,1985,139100
49,2,2,1990,60100
114,4,8,2012,154700
49,3,1,1979,66300
64,1,11,1988,69000
120,2,6,1968,126500
119,3,16,1978,143500
135,5,7,2019,187300
81,3,4,1967,96200
41,4,11,1986,75400
75,1,15,1970,76600
81,4,20,1961,112400
146,2,10,2008,166500
47,3,4,1971,63400
111,1,12,1977,113200
110,2,13,1983,124500
48,1,20,1964,50300
73,2,9,1981,84900
85,2,6,1990,98100
54,5,7,1971,91900
73,5,10,1972,112700
39,2,1,2021,58900
59,2,13,2008,81000
70,4,1,1989,100300
63,2,6,1962,67700
43,3,10,2002,71700
41,3,7,2014,71800
100,5,6,1966,135900
147,4,12,1970,177100
97,5,1,2012,144200
55,2,19,1978,71000
87,3,15,1975,110100
39,2,17,1989,57300
129,5,12,2014,182300
53,3,6,2001,79400
43,5,19,2019,101300
79,4,17,1962,109200
88,5,18,2006,141900
148,1,18,2003,161000
123,4,4,1961,146400
145,2,1,2000,158600
57,3,10,2002,85700
37,3,7,1997,62700
112,1,8,2006,120900
133,2,8,2004,151300
57,2,7,2011,76900
105,5,11,1965,143100
70,1,11,2003,79500
90,2,2,1973,96000
130,2,19,1974,144800
59,2,14,1963,68000
44,1,3,2001,48900
140,2,12,2015,163600
126,5,3,1995,169100
101,1,13,1979,104300
144,3,13,1986,169400
53,5,15,1992,101200
102,1,8,1966,98900
46,2,13,1983,60500
91,5,6,1977,130200
69,5,18,2015,125600
89,1,18,1961,89400
139,3,12,1979,161800
103,5,3,2011,150900
61,4,4,2003,97000
143,4,4,2012,181700
72,4,3,2003,107500
63,5,7,1970,100600
149,4,7,1989,182300
130,3,8,1977,150200
61,1,18,1987,69200
90,1,17,1972,93200
84,4,1,2013,121500
123,4,16,2006,165900
38,5,2,1978,75500
133,5,5,1973,170500
119,5,14,2015,173600
30,3,13,2009,62300
75,4,4,1987,106200
65,4,6,1983,96000
64,1,19,1997,75700
91,1,11,2019,105300
53,1,8,1990,57100
63,2,11,1987,77700
38,2,9,1980,49600
141,2,10,2010,162100
31,4,16,1986,67900
30,2,10,1970,39100
69,1,12,2013,82000
61,2,13,1970,71600
33,3,14,2002,63700
33,4,12,2000,72100
116,5,8,1991,160400
59,2,2,2005,74600
68,2,15,1979,82300
59,2,9,1963,65500
86,5,11,1976,127400
69,3,20,1991,99400
75,3,4,1988,96500
131,4,12,2011,173400
147,3,1,1974,162800
46,3,7,1981,66900
116,5,18,1962,156700
137,1,15,1998,147000
56,2,4,2015,75600
76,1,1,1960,67600
108,2,5,2001,123900
41,1,18,1974,45300
104,5,10,2003,153000
123,3,7,1997,148700
53,2,17,1994,72800
94,3,10,1990,119100
42,4,9,1991,76900
34,1,1,1979,31300
122,1,14,2011,135400
83,5,5,2009,131300
99,1,3,2013,107500
82,2,4,2018,102500
137,1,10,2020,151100
116,5,1,2003,160500
104,3,20,1987,133200
109,4,20,1996,150900
109,2,12,1998,127500
124,1,4,1992,126700
92,2,5,1986,103400
135,2,6,1962,139700
120,5,3,2016,169400
40,2,4,2014,59300
35,5,19,2008,90000
107,3,10,1967,125200
48,5,2,2000,92100
67,3,15,1978,91000
138,3,8,1968,155500
100,3,15,1985,126100
88,4,14,2006,129900
32,1,20,2011,48400
104,1,3,1980,102600
105,2,13,2013,128500
129,2,9,1965,136100
136,4,14,2004,177300
108,4,2,2023,149000
44,1,8,2017,56200
126,1,16,2019,142800
34,4,19,1997,75700
59,4,20,1987,98200
147,1,19,1982,154200
112,4,4,2018,152500
64,3,20,2016,101900
144,3,16,1982,169700
109,5,13,2023,165500
126,2,3,2001,140900
95,1,9,1988,99000
80,4,1,1991,110900
139,5,14,1990,186100
53,3,15,2010,86600
77,1,6,2001,83400
142,4,5,1964,166800
132,1,3,1970,127600
73,5,16,1976,116900
110,2,12,1978,122500
149,3,19,2000,181600
36,5,9,1985,79100
75,5,11,2014,127800
137,1,20,2016,154900
101,4,4,1997,135200
139,5,10,1966,176900
74,5,6,2003,121000
42,3,7,1993,66500
80,1,13,2014,93800
113,5,11,1972,153200
124,1,6,1996,128900
128,3,20,2021,167400
60,2,11,2020,84600
88,3,14,1997,117200
121,4,2,1975,147600
122,2,3,1977,129700
150,2,9,2022,174200
85,3,7,1980,105600
92,1,5,2008,100000
79,5,3,2019,129300
51,1,14,1983,56000
94,4,20,1968,127500
94,4,9,1960,119600
87,2,17,1985,104100
41,4,5,1963,65500
51,2,1,2019,70300
54,4,14,1985,89600
130,1,14,1964,129300
62,3,13,1998,91000
140,5,17,2014,195800
82,5,12,1981,125400
115,4,19,2017,162700
80,5,18,1980,126100
135,5,9,2009,185300
142,5,10,2009,192800
107,4,5,1968,133000
114,3,20,1984,142300
34,4,19,2010,79600
142,1,3,2014,150800
33,1,12,2013,46000
129,4,6,1961,153400
55,3,8,1964,71300
92,2,15,1975,105100
134,2,19,2022,163200
59,4,16,2010,103100
34,2,2,1961,36400
148,1,6,1987,150200
109,5,20,2001,162400
72,5,12,1970,112100
39,4,5,1997,73700
54,3,4,1983,74000
116,1,12,1965,114600
131,3,14,1976,153900
32,2,8,2014,53300
44,1,9,2001,51900
32,2,9,2020,55600
103,2,13,2009,125300
87,2,13,1970,97600
65,3,16,2005,97600
72,5,15,2014,126800
91,4,15,1992,129200
36,4,15,1998,76000
117,2,18,2019,144800
74,2,18,1971,87400
81,5,12,1993,128000
74,5,15,2006,126400
77,2,9,1977,87700
129,3,6,1988,151500
35,3,12,1962,52700
58,3,6,2012,87700
46,5,9,1962,82200
109,1,2,1998,112500
133,3,19,2010,168600
104,2,9,1996,120400
83,4,11,1992,119200
127,5,2,1988,167500
46,4,17,1973,79500
126,1,13,1960,123600
41,1,10,1978,42500
148,5,17,1970,190600
52,5,1,1963,84500
36,5,12,2018,90500
71,4,17,1995,111100
101,3,9,2019,134300
49,1,2,2021,59400
144,5,7,1972,182200
112,2,7,1964,117800
134,1,20,2010,150100
97,4,18,1972,130700
104,4,4,1970,130100
99,3,20,1994,130300
116,3,20,2015,153600
84,2,13,1960,91600
37,5,18,1989,85800
109,5,9,2004,157800
69,2,10,2016,91900
140,3,10,1982,162700
58,2,15,2013,82500
126,2,18,2001,148400
41,4,6,2007,79200
113,1,19,2023,132500
128,4,7,2018,170000
83,4,16,1990,121100
85,5,18,1965,126600
145,4,8,1970,173100
71,4,20,2008,116500
39,1,4,1977,37200
118,2,15,1999,138300
56,5,12,2016,109900
134,3,7,1967,150700
132,1,7,1981,132900
82,5,2,1987,122200
39,2,14,1967,49200
130,5,15,2018,186000
109,4,10,1997,146200
107,5,12,2006,157900
52,4,18,1976,86900
49,5,19,2001,101900
48,2,10,1967,56200
53,1,1,2012,60200
44,4,7,1996,79400
76,1,6,2017,87200
150,5,12,2009,201800
71,4,3,1999,105300
114,1,17,2013,129500
119,5,7,1991,162900
49,4,7,1979,79300
47,2,6,2006,64900
141,3,13,1973,162500
113,3,15,1968,134000
135,3,9,1977,155700
99,4,3,1981,127900
60,4,17,2021,107900
94,1,13,1989,100300
101,5,14,2018,156500
69,5,16,1965,109600
128,3,3,2005,154100
103,1,20,1969,106800
107,4,13,2008,149000
69,1,10,1972,68700
108,4,3,2020,148600
129,2,6,1983,140000
147,2,5,1977,155700
145,1,10,2011,156400
150,4,8,1985,182600
111,3,3,2014,139800
88,1,12,1987,93200
136,2,2,2004,151300
110,3,6,1977,129200
138,5,19,2006,192400
113,2,11,1970,122600
131,5,4,1967,166200
111,3,9,2023,145500
150,4,18,2000,192100
118,2,11,2014,140800
131,3,19,1961,151900
71,4,1,2006,106400
95,2,19,1970,108600
60,5,12,2000,109100
112,3,13,2013,145500
131,4,10,1995,167600
78,1,19,1983,85500
95,5,6,2014,145300
50,1,18,1994,60300
92,4,5,1984,122800
33,2,20,1970,47100
70,4,9,1997,106700
42,1,10,1965,39600
129,4,2,2005,164600
75,4,15,2003,116500
77,3,19,1999,109300
59,5,13,1996,107400
46,3,10,1984,69300
90,3,5,2009,118300
59,2,18,1989,77800
141,1,20,1991,151400
119,5,3,1996,162400
72,5,16,1971,114400
87,2,19,1962,98200
34,4,8,2005,72600
33,3,6,1990,56100
110,1,11,2012,122200
62,2,17,2006,85400
91,5,20,1977,137200
104,4,9,1980,135600
119,5,18,1973,163000
63,2,18,1964,74300
37,5,18,1970,80100
107,2,3,2008,124000
76,3,2,1987,96200
131,5,15,1975,174100
150,1,8,2010,160100
41,1,3,1965,35100
69,5,18,1969,111800
119,1,10,2013,131000
115,1,16,1968,116500
81,2,1,2023,101500
133,2,17,1974,146800
138,2,18,1966,149900
132,4,8,1974,161300
30,4,18,1965,61600
134,1,18,1988,142500
42,2,6,1992,55700
109,4,18,1981,145400
134,1,18,2014,150300
119,2,6,2023,142000
52,5,7,1988,95000
89,4,4,2022,130700
115,3,18,1997,146200
63,1,13,1995,71100
83,1,20,2020,102100
57,3,6,1993,81000
129,4,17,1988,167000
100,4,17,1963,130500
37,3,8,2008,66500
78,4,15,2011,121900
46,1,14,2012,59700
98,1,19,1973,102500
144,1,3,2015,153100
115,2,15,2018,141000
79,1,18,1982,85700
138,5,3,1974,174800
70,5,14,2002,120700
128,5,11,2005,178100
93,3,9,2005,122100
85,1,3,2014,93800
85,1,13,1998,94000
73,1,9,2006,82400
69,1,16,1960,68100
143,3,6,2008,171500
113,1,5,1995,117100
45,2,3,2021,65900
128,5,5,1973,165500
88,5,6,1963,123000
121,4,20,2017,169200
102,5,6,2023,155000
51,2,15,1968,62000
137,3,15,2007,169700
91,3,19,2006,125400
41,1,11,1972,41200
139,4,10,1982,171700
141,3,15,1969,162300
50,5,6,1970,87100
143,4,9,1975,173100
123,2,14,2023,150000
95,2,7,2018,117000
117,1,19,2009,132300
68,2,1,2006,83400
93,2,2,2009,109800
120,1,4,1970,116100
115,2,6,1977,124200
56,2,7,2007,74700
41,3,16,1963,61000
120,5,10,1966,157900
89,4,19,1976,124400
42,2,2,2023,63000
74,5,20,1973,119000
109,5,1,2009,155300
96,4,14,1990,133100
69,4,20,2021,118400
31,3,4,2018,61500
60,4,4,1975,87600
105,3,2,1996,127900
56,1,14,2009,68800
70,2,5,1963,74500
130,4,9,1996,166400
47,2,1,2023,67500
125,1,15,1977,128700
64,5,5,1968,100000
80,1,20,2020,99100
57,4,13,2013,100500
95,4,18,2011,140400
137,4,8,1966,163900
32,5,6,1970,69100
146,2,16,1985,162600
110,1,8,1963,106000
97,4,18,2021,145400
117,5,3,1966,151400
125,1,14,1969,125800
107,5,2,1979,144800
104,2,5,1986,115400
114,5,14,1979,157800
146,5,10,1989,190800
88,2,5,1976,96400
34,2,8,1997,50200
30,2,2,1976,36900
40,1,2,1985,39600
136,2,2,2021,156400
32,3,12,2017,66200
46,5,9,2011,96900
60,3,4,1964,74300
62,1,5,1973,59500
70,4,4,1974,97300
69,3,16,1973,92000
76,1,15,1973,78500
107,4,6,1963,132000
85,3,6,1971,102400
61,5,20,2021,120400
41,1,9,2003,49500
71,2,10,1967,79200
110,4,8,2020,153100
63,1,18,2009,77800
39,1,1,2003,43500
65,5,6,2018,116500
40,5,7,1985,82100
75,1,20,1986,83900
74,4,4,1989,105800
93,2,6,1979,102800
67,2,9,2000,84600
51,4,1,1977,77700
63,5,3,2002,108200
98,1,13,1983,102500
79,5,10,2014,131300
104,3,13,1975,126100
57,3,12,2002,86700
133,4,12,2012,175700
129,3,16,2015,164600
134,1,14,2017,149200
103,5,11,1979,145300
150,2,19,1961,160900
106,5,15,1960,144600
111,2,7,1997,126700
144,5,19,1988,193000
70,4,3,1982,99200
51,2,20,1988,70500
83,3,15,1992,111200
138,4,1,2002,172200
90,4,8,2001,127400
82,3,12,1978,104500
99,2,19,1974,113800
84,1,18,1988,92500
94,1,3,1995,97100
116,1,3,2011,123900
126,4,8,1963,152000
129,1,7,1973,127500
144,4,19,1973,178500
61,4,11,2002,100200
62,4,13,1995,100100
106,1,15,2003,117500
37,4,18,1992,76700
32,1,18,2010,47100
126,3,13,1996,154400
140,1,12,2006,150900
103,4,9,2012,144200
122,5,3,2004,167800
124,4,10,1993,160000
65,2,4,1990,77100
135,5,7,1960,169600
71,1,2,1966,64900
40,2,14,1976,52900
124,5,10,1973,164000
35,3,2,2021,65400
60,4,16,2005,102600
39,5,4,2020,90100
140,1,10,1999,147800
143,2,14,2016,167900
110,4,13,1975,142100
87,5,19,1998,139000
32,2,18,2020,60100
148,5,19,2004,201800
123,5,9,1991,167900
145,2,10,2011,166400
123,1,6,2005,130600
139,2,19,2013,165500
37,2,20,1963,49000
35,4,6,1965,60600
146,1,18,2004,159300
74,2,19,2000,96600
96,2,10,2013,118000
42,2,19,1989,61300
71,1,16,1984,77300
112,3,16,1982,137700
35,4,18,1992,74700
43,1,17,1975,47100
83,3,8,2019,115800
104,2,18,1975,118600
109,1,9,1967,106700
107,4,20,1965,139600
62,4,4,1986,92900
48,4,11,1973,78500
109,2,10,2009,129800
132,2,15,1976,145400
112,2,1,1992,123200
69,3,14,1976,91900
128,5,6,1997,173200
57,1,19,1987,65700
56,4,10,1980,88100
33,1,20,2012,49700
46,3,7,2009,75300
46,2,7,1982,57200
79,5,6,1965,114600
67,4,17,1977,101700
107,2,15,1983,122500
31,2,3,1970,36600
70,5,10,1976,110900
82,1,18,2012,97700
105,2,15,2015,130100
63,2,8,2007,82200
79,1,5,1983,79500
141,1,18,2011,156400
60,1,5,1996,64400
74,5,17,1995,124100
32,1,6,1995,36600
119,2,11,1998,137000
140,3,7,1998,166000
38,1,4,2017,48200
72,5,8,2022,125700
135,3,16,1969,156800
96,2,14,2020,122100
75,5,15,1998,125000
108,1,2,1991,109400
115,1,8,1979,115800
133,2,18,2009,157800
110,1,2,1984,109300
109,2,6,2004,126300
114,4,7,1971,141900
120,1,12,2004,130300
145,4,10,2013,187000
52,5,19,1975,97100
102,2,19,2004,125800
56,2,8,1994,71300
31,3,5,1967,46700
126,5,9,2010,176600
138,5,12,2014,191300
82,1,6,2002,88700
136,4,11,2007,176700
143,3,20,2002,176700
32,5,1,2003,76500
121,3,1,2015,149100
109,5,8,2012,159700
75,1,4,2021,86400
150,4,12,1995,187600
48,1,11,1980,50600
127,5,12,1980,170100
125,3,11,1988,150000
53,5,13,1974,94800
112,5,20,2021,171400
97,4,9,1965,124100
43,5,15,2015,98100
79,5,1,2017,127700
68,5,15,1965,108100
48,5,8,2018,100500
67,4,19,2012,113200
98,4,1,1993,129500
73,1,16,1988,80500
149,1,4,1967,144200
122,2,3,1966,126400
117,3,17,1964,137800
112,4,14,1987,148200
120,5,17,1999,171300
50,1,20,1978,56500
121,2,13,1981,134900
127,5,20,2003,181000
37,5,17,2016,93400
128,3,12,1986,152900
58,1,10,1979,59800
109,3,7,1967,125700
49,3,3,1970,64600
134,1,12,1991,140400
40,3,5,2007,67700
131,3,15,1988,158000
73,4,6,2005,110600
139,3,14,1961,157400
125,3,9,1963,141500
129,1,3,1976,126400
150,5,4,1971,186400
109,3,14,1983,134000
108,4,12,1986,142900
38,2,2,2014,56300
96,5,12,2007,147200
33,3,5,1966,48400
77,2,10,1989,91800
121,2,3,2023,142500
55,4,6,1988,87500
138,5,10,1992,183700
119,3,12,2004,149300
102,4,15,2010,145600
144,3,4,1960,157100
114,5,10,1983,157000
106,3,14,1961,124400
150,5,9,2012,201200
40,1,20,1987,49200
92,5,18,1996,142900
59,2,18,1962,69700
109,5,15,1991,156900
76,5,16,2023,134000
41,2,6,2014,61300
60,4,18,2022,108700
99,2,14,2009,121800
41,5,8,1970,79100
61,3,14,2000,91100
102,1,3,1973,98500
50,5,20,2018,108500
46,3,19,1997,77700
62,4,2,2015,100600
52,1,9,1961,47900
116,2,2,1963,119000
73,5,8,2014,124300
31,5,7,1976,70400
35,5,14,1991,82400
31,5,14,2003,82000
75,3,2,2003,100000
134,5,10,1993,180000
81,2,1,2007,96700
80,1,16,2005,92600
37,1,12,2014,50300
135,2,19,1992,155200
66,5,16,2023,124000
69,3,17,1963,89500
63,5,13,2005,114100
69,1,16,2009,82800
108,3,2,2020,138100
56,2,18,2008,80500
66,3,12,2020,101100
123,1,6,2020,135100
85,1,5,1966,80400
81,4,4,1983,111000
104,4,12,2013,147000
98,1,4,2006,104900
44,1,1,1963,36500
30,4,8,1970,58100
35,3,19,2011,70900
132,2,5,2002,148200
83,3,2,1972,98700
121,5,1,2000,164600
124,2,1,2017,142700
106,1,6,1996,110900
69,1,2,2022,79700
104,2,11,1968,113000
33,5,1,1984,71800
72,3,4,1979,90800
124,5,14,1993,172000
82,5,15,1999,132300
60,2,3,1962,63200
56,4,10,2016,98900
69,4,18,1970,102100
138,2,14,1999,157800
138,1,15,1972,140200
113,5,20,1980,160100
57,2,10,2000,75100
121,4,16,1968,152500
108,5,10,1974,148300
95,5,11,2007,145700
142,3,17,1996,172400
106,1,15,1980,110600
112,1,7,2013,122500
117,2,10,2020,141100
84,3,16,2004,116300
79,3,4,1960,92100
69,5,16,2012,123700
112,3,20,1962,133700
70,1,2,1987,70200
47,5,16,2003,99000
42,5,17,1993,91500
105,2,3,1976,112400
84,2,7,2004,101800
58,2,3,1971,63900
86,2,16,1988,103500
36,4,10,1969,64800
102,1,14,2003,113000
140,1,10,2020,154100
52,2,16,1983,68000
94,3,11,1995,121100
115,3,7,2014,145800
79,1,7,2019,91300
107,3,3,1973,123500
71,1,14,2002,81700
115,5,4,2009,162800
95,2,3,1999,109300
99,1,4,1995,102600
74,4,19,1962,105200
105,4,17,1961,134900
146,3,12,1960,163100
53,5,8,2002,100700
107,2,3,1964,110800
128,3,1,2014,155800
64,4,10,1994,100300
44,2,1,1991,54900
104,2,15,2019,130300
75,1,2,2011,82400
80,4,1,2001,113900
128,4,16,1974,161300
53,4,7,2001,89900
124,3,6,1980,144100
138,2,4,1999,152800
107,1,6,1971,104400
48,5,19,1998,100000
72,3,8,2020,105100
78,2,13,1966,87400
98,5,4,1972,134700
68,5,18,2003,121000
62,2,7,1986,74400
54,4,15,2010,97600
138,2,6,1967,144200
107,5,5,2006,154400
101,3,5,1967,116700
43,5,5,2009,91300
110,5,6,2004,157300
148,1,14,2020,164100
100,5,8,1977,140200
87,4,5,2018,128000
135,1,18,1990,144100
43,4,2,1965,66600
135,4,17,1978,170000
123,5,8,2014,174300
57,1,16,1967,58200
146,3,13,1978,169000
121,5,16,2018,177500
51,2,8,1998,67500
137,2,20,1993,158000
114,3,10,2000,142100
117,2,6,1990,130100
93,2,19,2016,120400
84,4,10,1985,117600
67,4,6,1962,91700
109,3,15,1998,139000
144,3,1,1960,155600
30,4,1,1985,59100
55,1,10,1998,62500
79,4,10,1960,105100
92,2,13,2014,115800
116,1,9,2022,130200
53,2,2,1969,57800
35,2,7,1990,48600
125,3,11,1981,147900
124,5,8,1971,162400
75,4,9,1965,102100
103,2,6,2002,119700
53,2,2,1964,56300
41,5,5,1962,75200
135,1,11,1967,133700
126,2,13,1965,135100
67,1,16,2022,84700
84,2,13,1970,94600
49,3,14,2021,85400
149,4,6,1976,177900
139,4,18,2014,185300
55,5,14,2021,111400
102,4,10,2001,140400
101,4,18,1990,140100
111,3,14,1984,136300
118,5,11,1996,165400
136,5,20,2023,196000
43,5,19,1979,89300
87,4,4,1967,112200
140,5,14,1999,189800
109,5,8,2009,158800
82,1,6,2003,89000
140,1,6,1993,144000
60,3,13,2003,90500
108,5,12,2000,157100
74,4,1,1971,98900
74,2,4,1995,87600
109,3,14,2018,144500
72,2,13,1993,89500
100,5,7,2016,151400
131,1,3,1988,132000
69,1,11,1981,71900
104,4,8,1971,132400
150,3,9,2010,180600
35,5,9,1979,76300
117,3,16,2019,153800
138,3,4,1971,154400
43,2,14,2009,65800
47,3,1,1985,66100
114,5,6,2000,160100
51,4,19,1971,84900
31,3,19,2019,69300
75,3,12,2021,110400
87,4,12,1965,115600
110,4,10,1988,144500
93,1,20,2009,108800
52,1,16,2023,70000
107,2,15,2023,134500
64,1,6,1992,67700
84,2,7,2003,101500
58,1,11,1996,65400
37,4,5,2021,78900
105,3,16,1982,130700
41,1,9,2021,54900
31,2,13,1997,49700
94,4,18,2011,139400
110,4,7,2021,152900
111,4,17,1964,141800
99,1,16,2017,115200
59,5,11,2004,108800
82,2,17,2023,110500
121,5,2,1993,163000
125,2,11,1991,140900
111,5,5,1971,147900
47,3,16,1988,74500
75,2,11,1993,91500
106,4,4,2020,147100
129,5,13,1996,177400
136,3,10,1972,155700
133,4,5,2016,173400
101,4,20,1998,143500
70,5,8,2004,118300
84,2,18,1966,95900
90,3,3,1993,112500
59,3,10,1982,81700
144,4,16,1991,182400
53,2,11,1987,67700
50,4,9,2019,93300
145,5,2,1995,187600
116,5,8,1980,157100
40,5,12,2013,93000
55,5,16,1980,100100
99,1,14,1998,108500
117,2,14,1996,135900
52,3,5,1976,70400
112,1,9,1984,114800
62,4,8,1982,93700
97,5,11,1961,133900
114,1,8,1986,116900
75,4,14,1981,109400
42,5,14,2007,94200
123,2,1,2006,138400
50,4,8,1975,79600
116,2,7,1978,126000
121,5,19,1974,165800
74,1,9,2002,82200
84,1,2,1979,81800
122,5,10,1973,162000
32,5,10,2011,83400
63,1,20,1998,75500
34,4,9,2001,71900
51,1,7,2012,61200
99,5,15,1984,144800
124,5,11,1992,170200
72,4,17,2010,116600
137,1,11,2019,151300
117,2,3,1962,120200
104,4,3,1965,128100
99,1,5,1972,96200
114,2,4,1974,121300
64,4,20,1998,106500
95,5,1,2016,143400
77,5,9,2015,129100
101,3,17,2018,138000
145,1,13,1971,145900
84,4,9,1965,111100
149,4,7,1987,181700
70,5,19,1995,121100
105,4,8,2011,145400
68,4,6,2010,107100
31,5,6,1987,73200
108,3,8,2012,138700
51,4,10,1995,87600
96,3,20,2010,132100
95,1,15,2019,111300
50,3,12,1987,75200
39,5,13,2014,92800
147,2,12,1962,154700
72,4,12,1979,104800
107,4,19,1996,148400
74,3,18,2012,109700
89,2,19,1992,109200
132,2,4,1968,137500
36,1,6,1980,36100
52,4,4,1973,79000
109,3,3,1978,127000
101,3,2,1998,124500
45,3,14,1997,74200
101,5,5,1978,140000
45,1,6,1968,41500
144,5,8,2001,191400
43,3,14,1961,61400
121,2,15,1976,134400
34,3,13,2005,65100
117,1,4,1960,110100
63,2,19,1974,77800
115,4,4,1970,141100
40,4,16,2020,87100
84,5,10,1983,127000
137,5,14,2018,192500
41,5,15,2013,95500
96,5,19,1965,138100
95,2,8,2014,116300
86,2,3,2000,100600
140,4,10,1973,170000
148,5,12,1977,190200
95,3,5,1966,110400
81,3,1,1962,93200
150,4,5,2010,188600
101,5,8,2016,152900
74,5,20,1995,125600
66,1,12,1963,64000
104,3,15,1981,128900
75,2,3,1977,82700
72,3,19,1987,100700
93,5,1,2006,138400
103,4,5,2006,140400
37,4,17,1981,72900
